﻿<?xml version="1.0" encoding="utf-8"?><corporateAccess xmlns="http://www.corpaxe.com/XMLSchema/1.0/Events"><broker>BAML</broker><updated>2018-05-28T10:18:34</updated><meetings><meeting><uniqueEventMeetingId>RSW_5789212</uniqueEventMeetingId><eventType>NonDealRoadshow</eventType><eventName>Tencent Holdings Limited</eventName><start>2018-05-21T11:00:00</start><end>2018-05-21T12:00:00</end><address><address1>Madison Square Room, 3 fl, Langham NY</address1><city>New York</city><country>USA</country></address><meetingType>Group</meetingType><meetingLocationType>Away</meetingLocationType><uniqueEventId>5408574</uniqueEventId><status>New</status><gicsCodes><gics>45</gics></gicsCodes><analysts><analyst><roles><role>SellsideAnalyst</role></roles><title></title><name>Yee Wa Alissa Yu</name><firstName>Yee Wa Alissa</firstName><lastName>Yu</lastName><email>alissa.yu@baml.com</email><phone></phone><otherEmail></otherEmail></analyst></analysts><corporates><corporate><public>true</public><name>Tencent Holdings Limited</name><ticker>700 HK</ticker><people><person><roles><role>InvestorRelations</role></roles><title>Assistant General Manager of IR</title><name>Jane Yip</name><firstName>Jane</firstName><lastName>Yip</lastName><phone></phone><otherEmail></otherEmail></person><person><roles><role>InvestorRelations</role></roles><title>Chief Strategy Officer</title><name>James Mitchell</name><firstName>James</firstName><lastName>Mitchell</lastName><phone></phone><otherEmail></otherEmail></person><person><roles><role>InvestorRelations</role></roles><title>Head of IR</title><name>Catherine Chan</name><firstName>Catherine</firstName><lastName>Chan</lastName><phone></phone><otherEmail></otherEmail></person></people></corporate></corporates><buysideAttendees><buysideAttendee company="Baron" status="Attended"><roles><role>InvestorRelations</role></roles><title></title><name>ASHIM MEHRA</name><firstName>ASHIM</firstName><lastName>MEHRA</lastName><email>amehra@baronfunds.com</email><phone></phone><otherEmail></otherEmail></buysideAttendee></buysideAttendees><broker>BAML</broker></meeting><meeting><uniqueEventMeetingId>CMP_26982835</uniqueEventMeetingId><eventType>AnalystMarketing</eventType><eventName>...AIRLINE ALPHA - BofA Merrill Lynch TRANSPORT Team - RYANAIR RESULTS/OUTLOOK - QUITE POSSIBLY...NOT ENOUGH...DESPITE THE HITHERTO UNDERPERFORMANCE - HARD WORK &amp; DEDICATION</eventName><start>2018-05-21T09:00:00</start><end>2018-05-21T10:00:00</end><address><city>London</city><country>GBR</country></address><meetingType>Email</meetingType><meetingLocationType>N/A</meetingLocationType><uniqueEventId>CMP_26982835</uniqueEventId><status>New</status><gicsCodes><gics>20</gics></gicsCodes><analysts><analyst><roles><role>SellsideAnalyst</role></roles><title></title><name>Mark Falzon Sant Manduca</name><firstName>Mark</firstName><lastName>Falzon Sant Manduca</lastName><email>mark.manduca@baml.com</email><phone></phone><otherEmail></otherEmail></analyst></analysts><buysideAttendees><buysideAttendee company="Baron" status="Attended"><roles><role>InvestorRelations</role></roles><title></title><name>JOSH SALTMAN</name><firstName>JOSH</firstName><lastName>SALTMAN</lastName><email>jsaltman@baronfunds.com</email><phone></phone><otherEmail></otherEmail></buysideAttendee><buysideAttendee company="Baron" status="Attended"><roles><role>InvestorRelations</role></roles><title></title><name>LAIRD BIEGER</name><firstName>LAIRD</firstName><lastName>BIEGER</lastName><email>lbieger@baronfunds.com</email><phone></phone><otherEmail></otherEmail></buysideAttendee><buysideAttendee company="Baron" status="Attended"><roles><role>InvestorRelations</role></roles><title></title><name>REBECCA ELLIN</name><firstName>REBECCA</firstName><lastName>ELLIN</lastName><email>rellin@baronfunds.com</email><phone></phone><otherEmail></otherEmail></buysideAttendee><buysideAttendee company="Baron" status="Attended"><roles><role>InvestorRelations</role></roles><title></title><name>DAVID BARON</name><firstName>DAVID</firstName><lastName>BARON</lastName><email>dbaron@baronfunds.com</email><phone></phone><otherEmail></otherEmail></buysideAttendee></buysideAttendees><broker>BAML</broker></meeting><meeting><uniqueEventMeetingId>CMP_26980285</uniqueEventMeetingId><eventType>AnalystMarketing</eventType><eventName>...TOMORROW – RYANAIR RESULTS – BofA Merrill Lynch TRANSPORT Team – RYANAIR – MANIC MONDAY – EXPECT RESULTS TO DISAPPOINT ON MULTIPLE FRONTS – HARD WORK &amp; DEDICATION</eventName><start>2018-05-20T09:00:00</start><end>2018-05-20T10:00:00</end><address><city>London</city><country>GBR</country></address><meetingType>Email</meetingType><meetingLocationType>N/A</meetingLocationType><uniqueEventId>CMP_26980285</uniqueEventId><status>New</status><gicsCodes><gics>20</gics></gicsCodes><analysts><analyst><roles><role>SellsideAnalyst</role></roles><title></title><name>Mark Falzon Sant Manduca</name><firstName>Mark</firstName><lastName>Falzon Sant Manduca</lastName><email>mark.manduca@baml.com</email><phone></phone><otherEmail></otherEmail></analyst></analysts><buysideAttendees><buysideAttendee company="Baron" status="Attended"><roles><role>InvestorRelations</role></roles><title></title><name>DAVID BARON</name><firstName>DAVID</firstName><lastName>BARON</lastName><email>dbaron@baronfunds.com</email><phone></phone><otherEmail></otherEmail></buysideAttendee><buysideAttendee company="Baron" status="Attended"><roles><role>InvestorRelations</role></roles><title></title><name>LAIRD BIEGER</name><firstName>LAIRD</firstName><lastName>BIEGER</lastName><email>lbieger@baronfunds.com</email><phone></phone><otherEmail></otherEmail></buysideAttendee><buysideAttendee company="Baron" status="Attended"><roles><role>InvestorRelations</role></roles><title></title><name>REBECCA ELLIN</name><firstName>REBECCA</firstName><lastName>ELLIN</lastName><email>rellin@baronfunds.com</email><phone></phone><otherEmail></otherEmail></buysideAttendee><buysideAttendee company="Baron" status="Attended"><roles><role>InvestorRelations</role></roles><title></title><name>JOSH SALTMAN</name><firstName>JOSH</firstName><lastName>SALTMAN</lastName><email>jsaltman@baronfunds.com</email><phone></phone><otherEmail></otherEmail></buysideAttendee></buysideAttendees><broker>BAML</broker></meeting><meeting><uniqueEventMeetingId>CMP_26992600</uniqueEventMeetingId><eventType>AnalystMarketing</eventType><eventName>hey Josh- requesting your support in II - Banks/Midcap category</eventName><start>2018-05-22T09:00:00</start><end>2018-05-22T10:00:00</end><address><city>New York</city><country>USA</country></address><meetingType>Email</meetingType><meetingLocationType>N/A</meetingLocationType><uniqueEventId>CMP_26992600</uniqueEventId><status>New</status><gicsCodes><gics>40</gics></gicsCodes><analysts><analyst><roles><role>SellsideAnalyst</role></roles><title></title><name>Ebrahim Poonawala</name><firstName>Ebrahim</firstName><lastName>Poonawala</lastName><email>ebrahim.poonawala@baml.com</email><phone></phone><otherEmail></otherEmail></analyst></analysts><buysideAttendees><buysideAttendee company="Baron" status="Attended"><roles><role>InvestorRelations</role></roles><title></title><name>JOSH SALTMAN</name><firstName>JOSH</firstName><lastName>SALTMAN</lastName><email>jsaltman@baronfunds.com</email><phone></phone><otherEmail></otherEmail></buysideAttendee></buysideAttendees><broker>BAML</broker></meeting><meeting><uniqueEventMeetingId>CMP_26993761</uniqueEventMeetingId><eventType>AnalystMarketing</eventType><eventName>Dr Reddy&amp;#39;s Labs: Weak Q4 ahead of complex generic triggers, Cipla: Many one offs in Q4, FY19 outlook better</eventName><start>2018-05-23T09:00:00</start><end>2018-05-23T10:00:00</end><address><city>Mumbai Maharashtra</city><country>IND</country></address><meetingType>Email</meetingType><meetingLocationType>N/A</meetingLocationType><uniqueEventId>CMP_26993761</uniqueEventId><status>New</status><gicsCodes><gics>35</gics></gicsCodes><analysts><analyst><roles><role>SellsideAnalyst</role></roles><title></title><name>Girish Bakhru</name><firstName>Girish</firstName><lastName>Bakhru</lastName><email>girish.bakhru@baml.com</email><phone></phone><otherEmail></otherEmail></analyst></analysts><buysideAttendees><buysideAttendee company="Baron" status="Attended"><roles><role>InvestorRelations</role></roles><title></title><name>ANUJ AGGARWAL</name><firstName>ANUJ</firstName><lastName>AGGARWAL</lastName><email>aaggarwal@baronfunds.com</email><phone></phone><otherEmail></otherEmail></buysideAttendee></buysideAttendees><broker>BAML</broker></meeting><meeting><uniqueEventMeetingId>CMP_26999581</uniqueEventMeetingId><eventType>AnalystMarketing</eventType><eventName>HQY Initiation (BofAML); $83 price objective</eventName><start>2018-05-23T09:00:00</start><end>2018-05-23T10:00:00</end><address><city>New York</city><country>USA</country></address><meetingType>Email</meetingType><meetingLocationType>N/A</meetingLocationType><uniqueEventId>CMP_26999581</uniqueEventId><status>New</status><gicsCodes><gics>35</gics></gicsCodes><analysts><analyst><roles><role>SellsideAnalyst</role></roles><title></title><name>Allen Lutz</name><firstName>Allen</firstName><lastName>Lutz</lastName><email>allen.lutz@baml.com</email><phone></phone><otherEmail></otherEmail></analyst></analysts><buysideAttendees><buysideAttendee company="Baron" status="Attended"><roles><role>InvestorRelations</role></roles><title></title><name>NEAL KAUFMAN</name><firstName>NEAL</firstName><lastName>KAUFMAN</lastName><email>nkaufman@baronfunds.com</email><phone></phone><otherEmail></otherEmail></buysideAttendee></buysideAttendees><broker>BAML</broker></meeting><meeting><uniqueEventMeetingId>CMP_27004054</uniqueEventMeetingId><eventType>AnalystMarketing</eventType><eventName>BofAML SA Industrial Matters- CAPITAL EQUIPMENT (David Roux, Nhlakanipho Mncwabe)</eventName><start>2018-05-24T09:00:00</start><end>2018-05-24T10:00:00</end><address><city>Claremont - Cape Town</city><country>ZAF</country></address><meetingType>Email</meetingType><meetingLocationType>N/A</meetingLocationType><uniqueEventId>CMP_27004054</uniqueEventId><status>New</status><gicsCodes><gics>20</gics><gics>40</gics><gics>15</gics><gics>30</gics><gics>25</gics></gicsCodes><analysts><analyst><roles><role>SellsideAnalyst</role></roles><title></title><name>David Roux</name><firstName>David</firstName><lastName>Roux</lastName><email>david.roux@baml.com</email><phone></phone><otherEmail></otherEmail></analyst></analysts><buysideAttendees><buysideAttendee company="Baron" status="Attended"><roles><role>InvestorRelations</role></roles><title></title><name>ANUJ AGGARWAL</name><firstName>ANUJ</firstName><lastName>AGGARWAL</lastName><email>aaggarwal@baronfunds.com</email><phone></phone><otherEmail></otherEmail></buysideAttendee></buysideAttendees><broker>BAML</broker></meeting><meeting><uniqueEventMeetingId>CMP_26985115</uniqueEventMeetingId><eventType>AnalystMarketing</eventType><eventName>REMINDER: CALL AT 10AM ET TODAY - HC Conference Recap - Key Panel Takeaways / HC Services Conference Recap</eventName><start>2018-05-21T09:00:00</start><end>2018-05-21T10:00:00</end><address><city>New York</city><country>USA</country></address><meetingType>Email</meetingType><meetingLocationType>N/A</meetingLocationType><uniqueEventId>CMP_26985115</uniqueEventId><status>New</status><gicsCodes><gics>35</gics></gicsCodes><analysts><analyst><roles><role>SellsideAnalyst</role></roles><title></title><name>Michael Cherny</name><firstName>Michael</firstName><lastName>Cherny</lastName><email>michael.cherny@baml.com</email><phone></phone><otherEmail></otherEmail></analyst></analysts><buysideAttendees><buysideAttendee company="Baron" status="Attended"><roles><role>InvestorRelations</role></roles><title></title><name>NEAL ROSENBERG</name><firstName>NEAL</firstName><lastName>ROSENBERG</lastName><email>nrosenberg@baronfunds.com</email><phone></phone><otherEmail></otherEmail></buysideAttendee><buysideAttendee company="Baron" status="Attended"><roles><role>InvestorRelations</role></roles><title></title><name>NEAL KAUFMAN</name><firstName>NEAL</firstName><lastName>KAUFMAN</lastName><email>nkaufman@baronfunds.com</email><phone></phone><otherEmail></otherEmail></buysideAttendee><buysideAttendee company="Baron" status="Attended"><roles><role>InvestorRelations</role></roles><title></title><name>CHINGIZ GADIMOV</name><firstName>CHINGIZ</firstName><lastName>GADIMOV</lastName><email>cgadimov@baronfunds.com</email><phone></phone><otherEmail></otherEmail></buysideAttendee><buysideAttendee company="Baron" status="Attended"><roles><role>InvestorRelations</role></roles><title></title><name>SUSAN ROBBINS</name><firstName>SUSAN</firstName><lastName>ROBBINS</lastName><email>srobbins@baronfunds.com</email><phone></phone><otherEmail></otherEmail></buysideAttendee><buysideAttendee company="Baron" status="Attended"><roles><role>InvestorRelations</role></roles><title></title><name>ANDREW PECK</name><firstName>ANDREW</firstName><lastName>PECK</lastName><email>apeck@baronfunds.com</email><phone></phone><otherEmail></otherEmail></buysideAttendee><buysideAttendee company="Baron" status="Attended"><roles><role>InvestorRelations</role></roles><title></title><name>MICHAEL BARON</name><firstName>MICHAEL</firstName><lastName>BARON</lastName><email>mbaron@baronfunds.com</email><phone></phone><otherEmail></otherEmail></buysideAttendee></buysideAttendees><broker>BAML</broker></meeting><meeting><uniqueEventMeetingId>CMP_27005320</uniqueEventMeetingId><eventType>AnalystMarketing</eventType><eventName>Hi  *** Mark Your Calendar - BofAML BERLIN AUTO TECHNOLOGY &amp;amp; MOBILITY FIELDTRIP - Friday 21st Sept 2018 ***</eventName><start>2018-05-24T09:00:00</start><end>2018-05-24T10:00:00</end><address><city>London</city><country>GBR</country></address><meetingType>Email</meetingType><meetingLocationType>N/A</meetingLocationType><uniqueEventId>CMP_27005320</uniqueEventId><status>New</status><gicsCodes><gics>25</gics></gicsCodes><analysts><analyst><roles><role>SellsideAnalyst</role></roles><title></title><name>Kai Mueller</name><firstName>Kai</firstName><lastName>Mueller</lastName><email>kai.mueller@baml.com</email><phone></phone><otherEmail></otherEmail></analyst></analysts><buysideAttendees><buysideAttendee company="Baron" status="Attended"><roles><role>InvestorRelations</role></roles><title></title><name>ISHAY LEVIN</name><firstName>ISHAY</firstName><lastName>LEVIN</lastName><email>ILevin@baronfunds.com</email><phone></phone><otherEmail></otherEmail></buysideAttendee><buysideAttendee company="Baron" status="Attended"><roles><role>InvestorRelations</role></roles><title></title><name>RONALD BARON</name><firstName>RONALD</firstName><lastName>BARON</lastName><email>rbaron@baronfunds.com</email><phone></phone><otherEmail></otherEmail></buysideAttendee></buysideAttendees><broker>BAML</broker></meeting><meeting><uniqueEventMeetingId>EVT_29562</uniqueEventMeetingId><eventType>Conference</eventType><eventName>Transforming World 2018</eventName><start>2018-05-23T09:00:00</start><end>2018-05-23T10:00:00</end><address><address1>Bank of America Tower, 51st Floor</address1><city>New York</city><country>USA</country></address><meetingType>Group</meetingType><meetingLocationType>Away</meetingLocationType><uniqueEventId>29562</uniqueEventId><status>New</status><buysideAttendees><buysideAttendee company="Baron" status="Attended"><roles><role>InvestorRelations</role></roles><title></title><name>ADAM LIEB</name><firstName>ADAM</firstName><lastName>LIEB</lastName><email>alieb@baronfunds.com</email><phone></phone><otherEmail></otherEmail></buysideAttendee><buysideAttendee company="Baron" status="Attended"><roles><role>InvestorRelations</role></roles><title></title><name>ASHIM MEHRA</name><firstName>ASHIM</firstName><lastName>MEHRA</lastName><email>amehra@baronfunds.com</email><phone></phone><otherEmail></otherEmail></buysideAttendee></buysideAttendees><broker>BAML</broker></meeting><meeting><uniqueEventMeetingId>CMP_27006136</uniqueEventMeetingId><eventType>AnalystMarketing</eventType><eventName>RE: Gaming Technology: RESCHEDULED: Lottery expert deep dive conference call – Thurs 5/31 11:00 am ET - United States - 4pp</eventName><start>2018-05-24T09:00:00</start><end>2018-05-24T10:00:00</end><address><city>New York</city><country>USA</country></address><meetingType>Email</meetingType><meetingLocationType>N/A</meetingLocationType><uniqueEventId>CMP_27006136</uniqueEventId><status>New</status><gicsCodes><gics>25</gics></gicsCodes><analysts><analyst><roles><role>SellsideAnalyst</role></roles><title></title><name>Barry Jonas</name><firstName>Barry</firstName><lastName>Jonas</lastName><email>barry.jonas@baml.com</email><phone></phone><otherEmail></otherEmail></analyst></analysts><buysideAttendees><buysideAttendee company="Baron" status="Attended"><roles><role>InvestorRelations</role></roles><title></title><name>CHRISTINE SALINAS</name><firstName>CHRISTINE</firstName><lastName>SALINAS</lastName><email>CSalinas@baronfunds.com</email><phone></phone><otherEmail></otherEmail></buysideAttendee></buysideAttendees><broker>BAML</broker></meeting><meeting><uniqueEventMeetingId>CMP_27006634</uniqueEventMeetingId><eventType>AnalystMarketing</eventType><eventName>STARTING SOON: Industrial REITs conference call: BofAML’s China trade &amp;amp; NAFTA impact on warehouse markets call with JLL</eventName><start>2018-05-24T09:00:00</start><end>2018-05-24T10:00:00</end><address><city>New York</city><country>USA</country></address><meetingType>Email</meetingType><meetingLocationType>N/A</meetingLocationType><uniqueEventId>CMP_27006634</uniqueEventId><status>New</status><analysts><analyst><roles><role>SellsideAnalyst</role></roles><title></title><name>Jamie Feldman</name><firstName>Jamie</firstName><lastName>Feldman</lastName><email>james.feldman@baml.com</email><phone></phone><otherEmail></otherEmail></analyst></analysts><buysideAttendees><buysideAttendee company="Baron" status="Attended"><roles><role>InvestorRelations</role></roles><title></title><name>DAVID KIRSHENBAUM</name><firstName>DAVID</firstName><lastName>KIRSHENBAUM</lastName><email>dkirshenbaum@baronfunds.com</email><phone></phone><otherEmail></otherEmail></buysideAttendee><buysideAttendee company="Baron" status="Attended"><roles><role>InvestorRelations</role></roles><title></title><name>JEFF KOLITCH</name><firstName>JEFF</firstName><lastName>KOLITCH</lastName><email>jkolitch@baronfunds.com</email><phone></phone><otherEmail></otherEmail></buysideAttendee></buysideAttendees><broker>BAML</broker><tags><tag>#macro</tag></tags></meeting><meeting><uniqueEventMeetingId>CMP_27008107</uniqueEventMeetingId><eventType>AnalystMarketing</eventType><eventName>Round 2 -- The BofA ML Life Sciences &amp; Diagnostics Tools team thanks you for your support in the 2018 I.I. vote!</eventName><start>2018-05-24T09:00:00</start><end>2018-05-24T10:00:00</end><address><city>New York</city><country>USA</country></address><meetingType>Email</meetingType><meetingLocationType>N/A</meetingLocationType><uniqueEventId>CMP_27008107</uniqueEventId><status>New</status><gicsCodes><gics>35</gics></gicsCodes><analysts><analyst><roles><role>SellsideAnalyst</role></roles><title></title><name>0lawrence Lin</name><firstName>0lawrence</firstName><lastName>Lin</lastName><email>llawrence.w.lin@columbiamanagement.com</email><phone></phone><otherEmail></otherEmail></analyst><analyst><roles><role>SellsideAnalyst</role></roles><title></title><name>Derik De Bruin</name><firstName>Derik</firstName><lastName>De Bruin</lastName><email>derik.de_bruin@baml.com</email><phone></phone><otherEmail></otherEmail></analyst></analysts><buysideAttendees><buysideAttendee company="Baron" status="Attended"><roles><role>InvestorRelations</role></roles><title></title><name>CLIFFORD GREENBERG</name><firstName>CLIFFORD</firstName><lastName>GREENBERG</lastName><email>cgreenberg@baronfunds.com</email><phone></phone><otherEmail></otherEmail></buysideAttendee><buysideAttendee company="Baron" status="Attended"><roles><role>InvestorRelations</role></roles><title></title><name>NEAL KAUFMAN</name><firstName>NEAL</firstName><lastName>KAUFMAN</lastName><email>nkaufman@baronfunds.com</email><phone></phone><otherEmail></otherEmail></buysideAttendee><buysideAttendee company="Baron" status="Attended"><roles><role>InvestorRelations</role></roles><title></title><name>NEAL ROSENBERG</name><firstName>NEAL</firstName><lastName>ROSENBERG</lastName><email>nrosenberg@baronfunds.com</email><phone></phone><otherEmail></otherEmail></buysideAttendee></buysideAttendees><broker>BAML</broker></meeting><meeting><uniqueEventMeetingId>CMP_27010504</uniqueEventMeetingId><eventType>AnalystMarketing</eventType><eventName>HDFCB IN: HDFC Bank: Growth only limited by “responsible ambitions”</eventName><start>2018-05-25T09:00:00</start><end>2018-05-25T10:00:00</end><address><city>Mumbai Maharashtra</city><country>IND</country></address><meetingType>Email</meetingType><meetingLocationType>N/A</meetingLocationType><uniqueEventId>CMP_27010504</uniqueEventId><status>New</status><gicsCodes><gics>40</gics></gicsCodes><analysts><analyst><roles><role>SellsideAnalyst</role></roles><title></title><name>Veekesh Gandhi</name><firstName>Veekesh</firstName><lastName>Gandhi</lastName><email>veekesh.gandhi@baml.com</email><phone></phone><otherEmail></otherEmail></analyst></analysts><buysideAttendees><buysideAttendee company="Baron" status="Attended"><roles><role>InvestorRelations</role></roles><title></title><name>ANUJ AGGARWAL</name><firstName>ANUJ</firstName><lastName>AGGARWAL</lastName><email>aaggarwal@baronfunds.com</email><phone></phone><otherEmail></otherEmail></buysideAttendee><buysideAttendee company="Baron" status="Attended"><roles><role>InvestorRelations</role></roles><title></title><name>JOSE BARRIA</name><firstName>JOSE</firstName><lastName>BARRIA</lastName><email>jbarria@baronfunds.com</email><phone></phone><otherEmail></otherEmail></buysideAttendee></buysideAttendees><broker>BAML</broker></meeting><meeting><uniqueEventMeetingId>CMP_27016219</uniqueEventMeetingId><eventType>AnalystMarketing</eventType><eventName>Hi  - do you want to catch up on VW, Conti, Mobility Services and the EU Auto sector? Let us know!</eventName><start>2018-05-25T09:00:00</start><end>2018-05-25T10:00:00</end><address><city>London</city><country>GBR</country></address><meetingType>Email</meetingType><meetingLocationType>N/A</meetingLocationType><uniqueEventId>CMP_27016219</uniqueEventId><status>New</status><gicsCodes><gics>25</gics></gicsCodes><analysts><analyst><roles><role>SellsideAnalyst</role></roles><title></title><name>Kai Mueller</name><firstName>Kai</firstName><lastName>Mueller</lastName><email>kai.mueller@baml.com</email><phone></phone><otherEmail></otherEmail></analyst></analysts><buysideAttendees><buysideAttendee company="Baron" status="Attended"><roles><role>InvestorRelations</role></roles><title></title><name>RONALD BARON</name><firstName>RONALD</firstName><lastName>BARON</lastName><email>rbaron@baronfunds.com</email><phone></phone><otherEmail></otherEmail></buysideAttendee><buysideAttendee company="Baron" status="Attended"><roles><role>InvestorRelations</role></roles><title></title><name>ISHAY LEVIN</name><firstName>ISHAY</firstName><lastName>LEVIN</lastName><email>ILevin@baronfunds.com</email><phone></phone><otherEmail></otherEmail></buysideAttendee></buysideAttendees><broker>BAML</broker></meeting><meeting><uniqueEventMeetingId>CMP_27017101</uniqueEventMeetingId><eventType>AnalystMarketing</eventType><eventName>AIRLINE ALPHA – BofA Merrill Lynch TRANSPORT Team – EUROPEAN AIRLINES – INVESTOR FEEDBACK &amp; CAPACITY ANALYSIS – HARD WORK &amp; DEDICATION</eventName><start>2018-05-25T09:00:00</start><end>2018-05-25T10:00:00</end><address><city>London</city><country>GBR</country></address><meetingType>Email</meetingType><meetingLocationType>N/A</meetingLocationType><uniqueEventId>CMP_27017101</uniqueEventId><status>New</status><gicsCodes><gics>20</gics></gicsCodes><analysts><analyst><roles><role>SellsideAnalyst</role></roles><title></title><name>Mark Falzon Sant Manduca</name><firstName>Mark</firstName><lastName>Falzon Sant Manduca</lastName><email>mark.manduca@baml.com</email><phone></phone><otherEmail></otherEmail></analyst></analysts><buysideAttendees><buysideAttendee company="Baron" status="Attended"><roles><role>InvestorRelations</role></roles><title></title><name>JOSH SALTMAN</name><firstName>JOSH</firstName><lastName>SALTMAN</lastName><email>jsaltman@baronfunds.com</email><phone></phone><otherEmail></otherEmail></buysideAttendee><buysideAttendee company="Baron" status="Attended"><roles><role>InvestorRelations</role></roles><title></title><name>REBECCA ELLIN</name><firstName>REBECCA</firstName><lastName>ELLIN</lastName><email>rellin@baronfunds.com</email><phone></phone><otherEmail></otherEmail></buysideAttendee><buysideAttendee company="Baron" status="Attended"><roles><role>InvestorRelations</role></roles><title></title><name>LAIRD BIEGER</name><firstName>LAIRD</firstName><lastName>BIEGER</lastName><email>lbieger@baronfunds.com</email><phone></phone><otherEmail></otherEmail></buysideAttendee><buysideAttendee company="Baron" status="Attended"><roles><role>InvestorRelations</role></roles><title></title><name>DAVID BARON</name><firstName>DAVID</firstName><lastName>BARON</lastName><email>dbaron@baronfunds.com</email><phone></phone><otherEmail></otherEmail></buysideAttendee></buysideAttendees><broker>BAML</broker></meeting><meeting><uniqueEventMeetingId>CMP_27060441</uniqueEventMeetingId><eventType>AnalystMarketing</eventType><eventName>Technology: Conference call invitation: key takeaways from our 5G primer</eventName><start>2018-05-21T09:00:00</start><end>2018-05-21T10:00:00</end><address><city>New York</city><country>USA</country></address><meetingType>CallGroup</meetingType><meetingLocationType>N/A</meetingLocationType><uniqueEventId>CMP_27060441</uniqueEventId><status>New</status><analysts><analyst><roles><role>SellsideAnalyst</role></roles><title></title><name>Kayla Brooks</name><firstName>Kayla</firstName><lastName>Brooks</lastName><email>kayla.brooks@baml.com</email><phone></phone><otherEmail></otherEmail></analyst><analyst><roles><role>SellsideAnalyst</role></roles><title></title><name>Tal Liani</name><firstName>Tal</firstName><lastName>Liani</lastName><email>tal.liani@baml.com</email><phone></phone><otherEmail></otherEmail></analyst><analyst><roles><role>SellsideAnalyst</role></roles><title></title><name>Daniel Bartus</name><firstName>Daniel</firstName><lastName>Bartus</lastName><email>daniel.bartus@baml.com</email><phone></phone><otherEmail></otherEmail></analyst></analysts><corporates><corporate><public>true</public><name>Acacia Communications</name><ticker>ACIA US</ticker></corporate></corporates><buysideAttendees><buysideAttendee company="Baron" status="Attended"><roles><role>InvestorRelations</role></roles><title></title><name>ALEXANDER MAHYLIS</name><firstName>ALEXANDER</firstName><lastName>MAHYLIS</lastName><email>aMahylis@baronfunds.com</email><phone></phone><otherEmail></otherEmail></buysideAttendee></buysideAttendees><broker>BAML</broker></meeting><meeting><uniqueEventMeetingId>CMP_27006529</uniqueEventMeetingId><eventType>AnalystMarketing</eventType><eventName>Hi  - RENT: Undeserved performance - 5 reasons to buy</eventName><start>2018-05-24T09:00:00</start><end>2018-05-24T10:00:00</end><address><city>Sao Paulo-Sp</city><country>BRA</country></address><meetingType>Email</meetingType><meetingLocationType>N/A</meetingLocationType><uniqueEventId>CMP_27006529</uniqueEventId><status>New</status><gicsCodes><gics>55</gics></gicsCodes><analysts><analyst><roles><role>SellsideAnalyst</role></roles><title></title><name>Murilo Freiberger</name><firstName>Murilo</firstName><lastName>Freiberger</lastName><email>murilo.freiberger@baml.com</email><phone></phone><otherEmail></otherEmail></analyst></analysts><buysideAttendees><buysideAttendee company="Baron" status="Attended"><roles><role>InvestorRelations</role></roles><title></title><name>KYUHEY AUGUST</name><firstName>KYUHEY</firstName><lastName>AUGUST</lastName><email>kaugust@baronfunds.com</email><phone></phone><otherEmail></otherEmail></buysideAttendee></buysideAttendees><broker>BAML</broker></meeting><meeting><uniqueEventMeetingId>CMP_26984152</uniqueEventMeetingId><eventType>AnalystMarketing</eventType><eventName>Auto Goldilocks Part Deux…please vote for us in II so this doesn’t turn into a Grimm fairy tale…</eventName><start>2018-05-21T09:00:00</start><end>2018-05-21T10:00:00</end><address><city>New York</city><country>USA</country></address><meetingType>Email</meetingType><meetingLocationType>N/A</meetingLocationType><uniqueEventId>CMP_26984152</uniqueEventId><status>New</status><gicsCodes><gics>25</gics></gicsCodes><analysts><analyst><roles><role>SellsideAnalyst</role></roles><title></title><name>John J Murphy</name><firstName>John J</firstName><lastName>Murphy</lastName><email>johnj.murphy@baml.com</email><phone></phone><otherEmail></otherEmail></analyst></analysts><buysideAttendees><buysideAttendee company="Baron" status="Attended"><roles><role>InvestorRelations</role></roles><title></title><name>ISHAY LEVIN</name><firstName>ISHAY</firstName><lastName>LEVIN</lastName><email>ILevin@baronfunds.com</email><phone></phone><otherEmail></otherEmail></buysideAttendee></buysideAttendees><broker>BAML</broker></meeting><meeting><uniqueEventMeetingId>CMP_27075636</uniqueEventMeetingId><eventType>AnalystMarketing</eventType><eventName>HQY Initiation</eventName><start>2018-05-23T09:00:00</start><end>2018-05-23T09:01:00</end><address><city>New York</city><country>USA</country></address><meetingType>Voicemail</meetingType><meetingLocationType>N/A</meetingLocationType><uniqueEventId>CMP_27075636</uniqueEventId><status>New</status><analysts><analyst><roles><role>SellsideAnalyst</role></roles><title></title><name>Allen Lutz</name><firstName>Allen</firstName><lastName>Lutz</lastName><email>allen.lutz@baml.com</email><phone></phone><otherEmail></otherEmail></analyst></analysts><corporates><corporate><public>true</public><name>HealthEquity Inc</name><ticker>HQY US</ticker></corporate></corporates><buysideAttendees><buysideAttendee company="Baron" status="Attended"><roles><role>InvestorRelations</role></roles><title></title><name>NEAL KAUFMAN</name><firstName>NEAL</firstName><lastName>KAUFMAN</lastName><email>nkaufman@baronfunds.com</email><phone></phone><otherEmail></otherEmail></buysideAttendee></buysideAttendees><broker>BAML</broker></meeting><meeting><uniqueEventMeetingId>CMP_27079371</uniqueEventMeetingId><eventType>AnalystMarketing</eventType><eventName>KR, TG, Trackin...</eventName><start>2018-05-24T09:00:00</start><end>2018-05-24T09:02:00</end><address><city>New York</city><country>USA</country></address><meetingType>Voicemail</meetingType><meetingLocationType>N/A</meetingLocationType><uniqueEventId>CMP_27079371</uniqueEventId><status>New</status><gicsCodes><gics>25</gics></gicsCodes><analysts><analyst><roles><role>SellsideAnalyst</role></roles><title></title><name>Robby Ohmes</name><firstName>Robby</firstName><lastName>Ohmes</lastName><email>robert.ohmes@baml.com</email><phone></phone><otherEmail></otherEmail></analyst></analysts><buysideAttendees><buysideAttendee company="Baron" status="Attended"><roles><role>InvestorRelations</role></roles><title></title><name>JEFF KOLITCH</name><firstName>JEFF</firstName><lastName>KOLITCH</lastName><email>jkolitch@baronfunds.com</email><phone></phone><otherEmail></otherEmail></buysideAttendee></buysideAttendees><broker>BAML</broker></meeting><meeting><uniqueEventMeetingId>SCR_2794144</uniqueEventMeetingId><eventType>AnalystMarketing</eventType><eventName>All-America 2018 Vote Tracking Day 9</eventName><start>2018-05-24T09:00:00</start><end>2018-05-24T10:00:00</end><address><city></city><country>USA</country></address><meetingType>1x1</meetingType><meetingLocationType>Away</meetingLocationType><uniqueEventId>SCR_2794144</uniqueEventId><status>New</status><gicsCodes><gics>40</gics></gicsCodes><analysts><analyst><roles><role>SellsideAnalyst</role></roles><title></title><name>Michael Carrier</name><firstName>Michael</firstName><lastName>Carrier</lastName><email>michael.carrier@baml.com</email><phone></phone><otherEmail></otherEmail></analyst></analysts><buysideAttendees><buysideAttendee company="Baron" status="Attended"><roles><role>InvestorRelations</role></roles><title></title><name>Michael Baron</name><firstName>Michael</firstName><lastName>Baron</lastName><email>mbaron@baronfunds.com</email><phone></phone><otherEmail></otherEmail></buysideAttendee></buysideAttendees><broker>BAML</broker></meeting><meeting><uniqueEventMeetingId>CMP_27002092</uniqueEventMeetingId><eventType>AnalystMarketing</eventType><eventName>SUNP IN: Sun Pharma: Yonsa adds to specialty, but what is the real benefit in prostate cancer market? - UNDERPERFORM</eventName><start>2018-05-24T09:00:00</start><end>2018-05-24T10:00:00</end><address><city>Mumbai Maharashtra</city><country>IND</country></address><meetingType>Email</meetingType><meetingLocationType>N/A</meetingLocationType><uniqueEventId>CMP_27002092</uniqueEventId><status>New</status><gicsCodes><gics>35</gics></gicsCodes><analysts><analyst><roles><role>SellsideAnalyst</role></roles><title></title><name>Girish Bakhru</name><firstName>Girish</firstName><lastName>Bakhru</lastName><email>girish.bakhru@baml.com</email><phone></phone><otherEmail></otherEmail></analyst></analysts><buysideAttendees><buysideAttendee company="Baron" status="Attended"><roles><role>InvestorRelations</role></roles><title></title><name>ANUJ AGGARWAL</name><firstName>ANUJ</firstName><lastName>AGGARWAL</lastName><email>aaggarwal@baronfunds.com</email><phone></phone><otherEmail></otherEmail></buysideAttendee></buysideAttendees><broker>BAML</broker></meeting><meeting><uniqueEventMeetingId>SCR_2795638</uniqueEventMeetingId><eventType>AnalystMarketing</eventType><eventName>All-America 2018 Vote Tracking Day 10</eventName><start>2018-05-25T09:00:00</start><end>2018-05-25T10:00:00</end><address><city></city><country>USA</country></address><meetingType>1x1</meetingType><meetingLocationType>Away</meetingLocationType><uniqueEventId>SCR_2795638</uniqueEventId><status>New</status><gicsCodes><gics>25</gics></gicsCodes><analysts><analyst><roles><role>SellsideAnalyst</role></roles><title></title><name>Robby Ohmes</name><firstName>Robby</firstName><lastName>Ohmes</lastName><email>robert.ohmes@baml.com</email><phone></phone><otherEmail></otherEmail></analyst></analysts><buysideAttendees><buysideAttendee company="Baron" status="Attended"><roles><role>InvestorRelations</role></roles><title></title><name>Jeff Kolitch</name><firstName>Jeff</firstName><lastName>Kolitch</lastName><email>jkolitch@baronfunds.com</email><phone></phone><otherEmail></otherEmail></buysideAttendee></buysideAttendees><broker>BAML</broker></meeting></meetings></corporateAccess>