<clientinteraction xmlns="http://oneaccess.io/corporateaccess/clientinteraction/2.1.1">
  <updated>
    <datetime>2018-05-28T10:18:34</datetime>
    <timezone>UTC</timezone>
  </updated>
  <broker>BAML</broker>
  <interactions>
    <investor>
      <investorName>Baron Capital Inc</investorName>
      <interaction>
        <parentID>5408574</parentID>
        <interactionID>RSW_5789212</interactionID>
        <interactionType>NonDealRoadshow</interactionType>
        <interactionSubType>Group</interactionSubType>
        <interactionTitle>Tencent Holdings Limited</interactionTitle>
        <interactionDescription>Tencent Holdings Limited</interactionDescription>
        <interactionStatus>New</interactionStatus>
        <initiator>Investor</initiator>
        <start>2018-05-21</start>
        <startTime>
          <datetime>2018-05-21T11:00:00</datetime>
          <timezone>UTC</timezone>
        </startTime>
        <end>2018-05-21</end>
        <endTime>
          <datetime>2018-05-21T12:00:00</datetime>
          <timezone>UTC</timezone>
        </endTime>
        <sectors>
          <sector>45</sector>
        </sectors>
        <duration>60</duration>
        <location>
          <address>
            <type>Offsite</type>
            <streetAddress>Madison Square Room, 3 fl, Langham NY</streetAddress>
            <city>New York</city>
            <country>USA</country>
          </address>
        </location>
        <companies>
          <company>
            <companyName>Tencent Holdings Limited</companyName>
            <isPublic>true</isPublic>
            <identifiers>
              <identifier type="ticker">700 HK</identifier>
            </identifiers>
            <companyParticipants>
              <participant>
                <person>
                  <firstName>Jane</firstName>
                  <lastName>Yip</lastName>
                  <title>Assistant General Manager of IR</title>
                </person>
                <roles>
                  <role>InvestorRelations</role>
                </roles>
              </participant>
              <participant>
                <person>
                  <firstName>James</firstName>
                  <lastName>Mitchell</lastName>
                  <email>cchan@tencent.com</email>
                  <title>Chief Strategy Officer</title>
                </person>
                <roles>
                  <role>Other</role>
                </roles>
              </participant>
              <participant>
                <person>
                  <firstName>Catherine</firstName>
                  <lastName>Chan</lastName>
                  <title>Head of IR</title>
                </person>
                <roles>
                  <role>InvestorRelations</role>
                </roles>
              </participant>
            </companyParticipants>
          </company>
        </companies>
        <brokerParticipants>
          <participant>
            <person>
              <firstName>Yee Wa Alissa</firstName>
              <lastName>Yu</lastName>
              <email>alissa.yu@baml.com</email>
            </person>
            <roles>
              <role>SellsideAnalyst</role>
            </roles>
          </participant>
        </brokerParticipants>
        <investorParticipants>
          <participant>
            <person>
              <firstName>ASHIM</firstName>
              <lastName>MEHRA</lastName>
              <email>amehra@baronfunds.com</email>
            </person>
            <roles>
              <role>Other</role>
            </roles>
            <status>Attended</status>
          </participant>
        </investorParticipants>
      </interaction>
      <interaction>
        <parentID>CMP_26982835</parentID>
        <interactionID>CMP_26982835</interactionID>
        <interactionType>AnalystMarketing</interactionType>
        <interactionSubType>Email</interactionSubType>
        <interactionTitle>...AIRLINE ALPHA - BofA Merrill Lynch TRANSPORT Team - RYANAIR RESULTS/OUTLOOK - QUITE POSSIBLY...NOT ENOUGH...DESPITE THE HITHERTO UNDERPERFORMANCE - HARD WORK &amp; DEDICATION</interactionTitle>
        <interactionDescription>...AIRLINE ALPHA - BofA Merrill Lynch TRANSPORT Team - RYANAIR RESULTS/OUTLOOK - QUITE POSSIBLY...NOT ENOUGH...DESPITE THE HITHERTO UNDERPERFORMANCE - HARD WORK &amp; DEDICATION</interactionDescription>
        <interactionStatus>New</interactionStatus>
        <initiator>Broker</initiator>
        <start>2018-05-21</start>
        <startTime>
          <datetime>2018-05-21T00:00:00</datetime>
          <timezone>UTC</timezone>
        </startTime>
        <end>2018-05-21</end>
        <endTime>
          <datetime>2018-05-21T01:00:00</datetime>
          <timezone>UTC</timezone>
        </endTime>
        <sectors>
          <sector>20</sector>
        </sectors>
        <duration>60</duration>
        <location>
          <address>
            <type>N/A</type>
            <city>London</city>
            <country>GBR</country>
          </address>
        </location>
        <brokerParticipants>
          <participant>
            <person>
              <firstName>Mark</firstName>
              <lastName>Falzon Sant Manduca</lastName>
              <email>mark.manduca@baml.com</email>
            </person>
            <roles>
              <role>SellsideAnalyst</role>
            </roles>
          </participant>
        </brokerParticipants>
        <investorParticipants>
          <participant>
            <person>
              <firstName>JOSH</firstName>
              <lastName>SALTMAN</lastName>
              <email>jsaltman@baronfunds.com</email>
            </person>
            <roles>
              <role>Other</role>
            </roles>
            <status>Attended</status>
          </participant>
          <participant>
            <person>
              <firstName>LAIRD</firstName>
              <lastName>BIEGER</lastName>
              <email>lbieger@baronfunds.com</email>
            </person>
            <roles>
              <role>Other</role>
            </roles>
            <status>Attended</status>
          </participant>
          <participant>
            <person>
              <firstName>REBECCA</firstName>
              <lastName>ELLIN</lastName>
              <email>rellin@baronfunds.com</email>
            </person>
            <roles>
              <role>Other</role>
            </roles>
            <status>Attended</status>
          </participant>
          <participant>
            <person>
              <firstName>DAVID</firstName>
              <lastName>BARON</lastName>
              <email>dbaron@baronfunds.com</email>
            </person>
            <roles>
              <role>Other</role>
            </roles>
            <status>Attended</status>
          </participant>
        </investorParticipants>
      </interaction>
      <interaction>
        <parentID>CMP_26980285</parentID>
        <interactionID>CMP_26980285</interactionID>
        <interactionType>AnalystMarketing</interactionType>
        <interactionSubType>Email</interactionSubType>
        <interactionTitle>...TOMORROW &#8211; RYANAIR RESULTS &#8211; BofA Merrill Lynch TRANSPORT Team &#8211; RYANAIR &#8211; MANIC MONDAY &#8211; EXPECT RESULTS TO DISAPPOINT ON MULTIPLE FRONTS &#8211; HARD WORK &amp; DEDICATION</interactionTitle>
        <interactionDescription>...TOMORROW &#8211; RYANAIR RESULTS &#8211; BofA Merrill Lynch TRANSPORT Team &#8211; RYANAIR &#8211; MANIC MONDAY &#8211; EXPECT RESULTS TO DISAPPOINT ON MULTIPLE FRONTS &#8211; HARD WORK &amp; DEDICATION</interactionDescription>
        <interactionStatus>New</interactionStatus>
        <initiator>Broker</initiator>
        <start>2018-05-20</start>
        <startTime>
          <datetime>2018-05-20T00:00:00</datetime>
          <timezone>UTC</timezone>
        </startTime>
        <end>2018-05-20</end>
        <endTime>
          <datetime>2018-05-20T01:00:00</datetime>
          <timezone>UTC</timezone>
        </endTime>
        <sectors>
          <sector>20</sector>
        </sectors>
        <duration>60</duration>
        <location>
          <address>
            <type>N/A</type>
            <city>London</city>
            <country>GBR</country>
          </address>
        </location>
        <brokerParticipants>
          <participant>
            <person>
              <firstName>Mark</firstName>
              <lastName>Falzon Sant Manduca</lastName>
              <email>mark.manduca@baml.com</email>
            </person>
            <roles>
              <role>SellsideAnalyst</role>
            </roles>
          </participant>
        </brokerParticipants>
        <investorParticipants>
          <participant>
            <person>
              <firstName>DAVID</firstName>
              <lastName>BARON</lastName>
              <email>dbaron@baronfunds.com</email>
            </person>
            <roles>
              <role>Other</role>
            </roles>
            <status>Attended</status>
          </participant>
          <participant>
            <person>
              <firstName>LAIRD</firstName>
              <lastName>BIEGER</lastName>
              <email>lbieger@baronfunds.com</email>
            </person>
            <roles>
              <role>Other</role>
            </roles>
            <status>Attended</status>
          </participant>
          <participant>
            <person>
              <firstName>REBECCA</firstName>
              <lastName>ELLIN</lastName>
              <email>rellin@baronfunds.com</email>
            </person>
            <roles>
              <role>Other</role>
            </roles>
            <status>Attended</status>
          </participant>
          <participant>
            <person>
              <firstName>JOSH</firstName>
              <lastName>SALTMAN</lastName>
              <email>jsaltman@baronfunds.com</email>
            </person>
            <roles>
              <role>Other</role>
            </roles>
            <status>Attended</status>
          </participant>
        </investorParticipants>
      </interaction>
      <interaction>
        <parentID>CMP_26992600</parentID>
        <interactionID>CMP_26992600</interactionID>
        <interactionType>AnalystMarketing</interactionType>
        <interactionSubType>Email</interactionSubType>
        <interactionTitle>hey Josh- requesting your support in II - Banks/Midcap category</interactionTitle>
        <interactionDescription>hey Josh- requesting your support in II - Banks/Midcap category</interactionDescription>
        <interactionStatus>New</interactionStatus>
        <initiator>Broker</initiator>
        <start>2018-05-22</start>
        <startTime>
          <datetime>2018-05-22T00:00:00</datetime>
          <timezone>UTC</timezone>
        </startTime>
        <end>2018-05-22</end>
        <endTime>
          <datetime>2018-05-22T01:00:00</datetime>
          <timezone>UTC</timezone>
        </endTime>
        <sectors>
          <sector>40</sector>
        </sectors>
        <duration>60</duration>
        <location>
          <address>
            <type>N/A</type>
            <city>New York</city>
            <country>USA</country>
          </address>
        </location>
        <brokerParticipants>
          <participant>
            <person>
              <firstName>Ebrahim</firstName>
              <lastName>Poonawala</lastName>
              <email>ebrahim.poonawala@baml.com</email>
            </person>
            <roles>
              <role>SellsideAnalyst</role>
            </roles>
          </participant>
        </brokerParticipants>
        <investorParticipants>
          <participant>
            <person>
              <firstName>JOSH</firstName>
              <lastName>SALTMAN</lastName>
              <email>jsaltman@baronfunds.com</email>
            </person>
            <roles>
              <role>Other</role>
            </roles>
            <status>Attended</status>
          </participant>
        </investorParticipants>
      </interaction>
      <interaction>
        <parentID>CMP_26993761</parentID>
        <interactionID>CMP_26993761</interactionID>
        <interactionType>AnalystMarketing</interactionType>
        <interactionSubType>Email</interactionSubType>
        <interactionTitle>Dr Reddy&amp;#39;s Labs: Weak Q4 ahead of complex generic triggers, Cipla: Many one offs in Q4, FY19 outlook better</interactionTitle>
        <interactionDescription>Dr Reddy&amp;#39;s Labs: Weak Q4 ahead of complex generic triggers, Cipla: Many one offs in Q4, FY19 outlook better</interactionDescription>
        <interactionStatus>New</interactionStatus>
        <initiator>Broker</initiator>
        <start>2018-05-23</start>
        <startTime>
          <datetime>2018-05-23T00:00:00</datetime>
          <timezone>UTC</timezone>
        </startTime>
        <end>2018-05-23</end>
        <endTime>
          <datetime>2018-05-23T01:00:00</datetime>
          <timezone>UTC</timezone>
        </endTime>
        <sectors>
          <sector>35</sector>
        </sectors>
        <duration>60</duration>
        <location>
          <address>
            <type>N/A</type>
            <city>Mumbai Maharashtra</city>
            <country>IND</country>
          </address>
        </location>
        <brokerParticipants>
          <participant>
            <person>
              <firstName>Girish</firstName>
              <lastName>Bakhru</lastName>
              <email>girish.bakhru@baml.com</email>
            </person>
            <roles>
              <role>SellsideAnalyst</role>
            </roles>
          </participant>
        </brokerParticipants>
        <investorParticipants>
          <participant>
            <person>
              <firstName>ANUJ</firstName>
              <lastName>AGGARWAL</lastName>
              <email>aaggarwal@baronfunds.com</email>
            </person>
            <roles>
              <role>Other</role>
            </roles>
            <status>Attended</status>
          </participant>
        </investorParticipants>
      </interaction>
      <interaction>
        <parentID>CMP_26999581</parentID>
        <interactionID>CMP_26999581</interactionID>
        <interactionType>AnalystMarketing</interactionType>
        <interactionSubType>Email</interactionSubType>
        <interactionTitle>HQY Initiation (BofAML); $83 price objective</interactionTitle>
        <interactionDescription>HQY Initiation (BofAML); $83 price objective</interactionDescription>
        <interactionStatus>New</interactionStatus>
        <initiator>Broker</initiator>
        <start>2018-05-23</start>
        <startTime>
          <datetime>2018-05-23T00:00:00</datetime>
          <timezone>UTC</timezone>
        </startTime>
        <end>2018-05-23</end>
        <endTime>
          <datetime>2018-05-23T01:00:00</datetime>
          <timezone>UTC</timezone>
        </endTime>
        <sectors>
          <sector>35</sector>
        </sectors>
        <duration>60</duration>
        <location>
          <address>
            <type>N/A</type>
            <city>New York</city>
            <country>USA</country>
          </address>
        </location>
        <brokerParticipants>
          <participant>
            <person>
              <firstName>Allen</firstName>
              <lastName>Lutz</lastName>
              <email>allen.lutz@baml.com</email>
            </person>
            <roles>
              <role>SellsideAnalyst</role>
            </roles>
          </participant>
        </brokerParticipants>
        <investorParticipants>
          <participant>
            <person>
              <firstName>NEAL</firstName>
              <lastName>KAUFMAN</lastName>
              <email>nkaufman@baronfunds.com</email>
            </person>
            <roles>
              <role>Other</role>
            </roles>
            <status>Attended</status>
          </participant>
        </investorParticipants>
      </interaction>
      <interaction>
        <parentID>CMP_27004054</parentID>
        <interactionID>CMP_27004054</interactionID>
        <interactionType>AnalystMarketing</interactionType>
        <interactionSubType>Email</interactionSubType>
        <interactionTitle>BofAML SA Industrial Matters- CAPITAL EQUIPMENT (David Roux, Nhlakanipho Mncwabe)</interactionTitle>
        <interactionDescription>BofAML SA Industrial Matters- CAPITAL EQUIPMENT (David Roux, Nhlakanipho Mncwabe)</interactionDescription>
        <interactionStatus>New</interactionStatus>
        <initiator>Broker</initiator>
        <start>2018-05-24</start>
        <startTime>
          <datetime>2018-05-24T00:00:00</datetime>
          <timezone>UTC</timezone>
        </startTime>
        <end>2018-05-24</end>
        <endTime>
          <datetime>2018-05-24T01:00:00</datetime>
          <timezone>UTC</timezone>
        </endTime>
        <sectors>
          <sector>20</sector>
          <sector>40</sector>
          <sector>15</sector>
          <sector>30</sector>
          <sector>25</sector>
        </sectors>
        <duration>60</duration>
        <location>
          <address>
            <type>N/A</type>
            <city>Claremont - Cape Town</city>
            <country>ZAF</country>
          </address>
        </location>
        <brokerParticipants>
          <participant>
            <person>
              <firstName>David</firstName>
              <lastName>Roux</lastName>
              <email>david.roux@baml.com</email>
            </person>
            <roles>
              <role>SellsideAnalyst</role>
            </roles>
          </participant>
        </brokerParticipants>
        <investorParticipants>
          <participant>
            <person>
              <firstName>ANUJ</firstName>
              <lastName>AGGARWAL</lastName>
              <email>aaggarwal@baronfunds.com</email>
            </person>
            <roles>
              <role>Other</role>
            </roles>
            <status>Attended</status>
          </participant>
        </investorParticipants>
      </interaction>
      <interaction>
        <parentID>CMP_26985115</parentID>
        <interactionID>CMP_26985115</interactionID>
        <interactionType>AnalystMarketing</interactionType>
        <interactionSubType>Email</interactionSubType>
        <interactionTitle>REMINDER: CALL AT 10AM ET TODAY - HC Conference Recap - Key Panel Takeaways / HC Services Conference Recap</interactionTitle>
        <interactionDescription>REMINDER: CALL AT 10AM ET TODAY - HC Conference Recap - Key Panel Takeaways / HC Services Conference Recap</interactionDescription>
        <interactionStatus>New</interactionStatus>
        <initiator>Broker</initiator>
        <start>2018-05-21</start>
        <startTime>
          <datetime>2018-05-21T00:00:00</datetime>
          <timezone>UTC</timezone>
        </startTime>
        <end>2018-05-21</end>
        <endTime>
          <datetime>2018-05-21T01:00:00</datetime>
          <timezone>UTC</timezone>
        </endTime>
        <sectors>
          <sector>35</sector>
        </sectors>
        <duration>60</duration>
        <location>
          <address>
            <type>N/A</type>
            <city>New York</city>
            <country>USA</country>
          </address>
        </location>
        <brokerParticipants>
          <participant>
            <person>
              <firstName>Michael</firstName>
              <lastName>Cherny</lastName>
              <email>michael.cherny@baml.com</email>
            </person>
            <roles>
              <role>SellsideAnalyst</role>
            </roles>
          </participant>
        </brokerParticipants>
        <investorParticipants>
          <participant>
            <person>
              <firstName>NEAL</firstName>
              <lastName>ROSENBERG</lastName>
              <email>nrosenberg@baronfunds.com</email>
            </person>
            <roles>
              <role>Other</role>
            </roles>
            <status>Attended</status>
          </participant>
          <participant>
            <person>
              <firstName>NEAL</firstName>
              <lastName>KAUFMAN</lastName>
              <email>nkaufman@baronfunds.com</email>
            </person>
            <roles>
              <role>Other</role>
            </roles>
            <status>Attended</status>
          </participant>
          <participant>
            <person>
              <firstName>CHINGIZ</firstName>
              <lastName>GADIMOV</lastName>
              <email>cgadimov@baronfunds.com</email>
            </person>
            <roles>
              <role>Other</role>
            </roles>
            <status>Attended</status>
          </participant>
          <participant>
            <person>
              <firstName>SUSAN</firstName>
              <lastName>ROBBINS</lastName>
              <email>srobbins@baronfunds.com</email>
            </person>
            <roles>
              <role>Other</role>
            </roles>
            <status>Attended</status>
          </participant>
          <participant>
            <person>
              <firstName>ANDREW</firstName>
              <lastName>PECK</lastName>
              <email>apeck@baronfunds.com</email>
            </person>
            <roles>
              <role>Other</role>
            </roles>
            <status>Attended</status>
          </participant>
          <participant>
            <person>
              <firstName>MICHAEL</firstName>
              <lastName>BARON</lastName>
              <email>mbaron@baronfunds.com</email>
            </person>
            <roles>
              <role>Other</role>
            </roles>
            <status>Attended</status>
          </participant>
        </investorParticipants>
      </interaction>
      <interaction>
        <parentID>CMP_27005320</parentID>
        <interactionID>CMP_27005320</interactionID>
        <interactionType>AnalystMarketing</interactionType>
        <interactionSubType>Email</interactionSubType>
        <interactionTitle>Hi  *** Mark Your Calendar - BofAML BERLIN AUTO TECHNOLOGY &amp;amp; MOBILITY FIELDTRIP - Friday 21st Sept 2018 ***</interactionTitle>
        <interactionDescription>Hi  *** Mark Your Calendar - BofAML BERLIN AUTO TECHNOLOGY &amp;amp; MOBILITY FIELDTRIP - Friday 21st Sept 2018 ***</interactionDescription>
        <interactionStatus>New</interactionStatus>
        <initiator>Broker</initiator>
        <start>2018-05-24</start>
        <startTime>
          <datetime>2018-05-24T00:00:00</datetime>
          <timezone>UTC</timezone>
        </startTime>
        <end>2018-05-24</end>
        <endTime>
          <datetime>2018-05-24T01:00:00</datetime>
          <timezone>UTC</timezone>
        </endTime>
        <sectors>
          <sector>25</sector>
        </sectors>
        <duration>60</duration>
        <location>
          <address>
            <type>N/A</type>
            <city>London</city>
            <country>GBR</country>
          </address>
        </location>
        <brokerParticipants>
          <participant>
            <person>
              <firstName>Kai</firstName>
              <lastName>Mueller</lastName>
              <email>kai.mueller@baml.com</email>
            </person>
            <roles>
              <role>SellsideAnalyst</role>
            </roles>
          </participant>
        </brokerParticipants>
        <investorParticipants>
          <participant>
            <person>
              <firstName>ISHAY</firstName>
              <lastName>LEVIN</lastName>
              <email>ILevin@baronfunds.com</email>
            </person>
            <roles>
              <role>Other</role>
            </roles>
            <status>Attended</status>
          </participant>
          <participant>
            <person>
              <firstName>RONALD</firstName>
              <lastName>BARON</lastName>
              <email>rbaron@baronfunds.com</email>
            </person>
            <roles>
              <role>Other</role>
            </roles>
            <status>Attended</status>
          </participant>
        </investorParticipants>
      </interaction>
      <interaction>
        <parentID>29562</parentID>
        <interactionID>EVT_29562</interactionID>
        <interactionType>Conference</interactionType>
        <interactionSubType>Group</interactionSubType>
        <interactionTitle>Transforming World 2018</interactionTitle>
        <interactionDescription>Transforming World 2018</interactionDescription>
        <interactionStatus>New</interactionStatus>
        <initiator>Broker</initiator>
        <start>2018-05-23</start>
        <startTime>
          <datetime>2018-05-23T00:00:00</datetime>
          <timezone>UTC</timezone>
        </startTime>
        <end>2018-05-23</end>
        <endTime>
          <datetime>2018-05-23T01:00:00</datetime>
          <timezone>UTC</timezone>
        </endTime>
        <duration>60</duration>
        <location>
          <address>
            <type>Offsite</type>
            <streetAddress>Bank of America Tower, 51st Floor</streetAddress>
            <city>New York</city>
            <country>USA</country>
          </address>
        </location>
        <investorParticipants>
          <participant>
            <person>
              <firstName>ADAM</firstName>
              <lastName>LIEB</lastName>
              <email>alieb@baronfunds.com</email>
            </person>
            <roles>
              <role>Other</role>
            </roles>
            <status>Attended</status>
          </participant>
          <participant>
            <person>
              <firstName>ASHIM</firstName>
              <lastName>MEHRA</lastName>
              <email>amehra@baronfunds.com</email>
            </person>
            <roles>
              <role>Other</role>
            </roles>
            <status>Attended</status>
          </participant>
        </investorParticipants>
      </interaction>
      <interaction>
        <parentID>CMP_27006136</parentID>
        <interactionID>CMP_27006136</interactionID>
        <interactionType>AnalystMarketing</interactionType>
        <interactionSubType>Email</interactionSubType>
        <interactionTitle>RE: Gaming Technology: RESCHEDULED: Lottery expert deep dive conference call &#8211; Thurs 5/31 11:00 am ET - United States - 4pp</interactionTitle>
        <interactionDescription>RE: Gaming Technology: RESCHEDULED: Lottery expert deep dive conference call &#8211; Thurs 5/31 11:00 am ET - United States - 4pp</interactionDescription>
        <interactionStatus>New</interactionStatus>
        <initiator>Broker</initiator>
        <start>2018-05-24</start>
        <startTime>
          <datetime>2018-05-24T00:00:00</datetime>
          <timezone>UTC</timezone>
        </startTime>
        <end>2018-05-24</end>
        <endTime>
          <datetime>2018-05-24T01:00:00</datetime>
          <timezone>UTC</timezone>
        </endTime>
        <sectors>
          <sector>25</sector>
        </sectors>
        <duration>60</duration>
        <location>
          <address>
            <type>N/A</type>
            <city>New York</city>
            <country>USA</country>
          </address>
        </location>
        <brokerParticipants>
          <participant>
            <person>
              <firstName>Barry</firstName>
              <lastName>Jonas</lastName>
              <email>barry.jonas@baml.com</email>
            </person>
            <roles>
              <role>SellsideAnalyst</role>
            </roles>
          </participant>
        </brokerParticipants>
        <investorParticipants>
          <participant>
            <person>
              <firstName>CHRISTINE</firstName>
              <lastName>SALINAS</lastName>
              <email>CSalinas@baronfunds.com</email>
            </person>
            <roles>
              <role>Other</role>
            </roles>
            <status>Attended</status>
          </participant>
        </investorParticipants>
      </interaction>
      <interaction>
        <parentID>CMP_27006634</parentID>
        <interactionID>CMP_27006634</interactionID>
        <interactionType>AnalystMarketing</interactionType>
        <interactionSubType>Email</interactionSubType>
        <interactionTitle>STARTING SOON: Industrial REITs conference call: BofAML&#8217;s China trade &amp;amp; NAFTA impact on warehouse markets call with JLL</interactionTitle>
        <interactionDescription>STARTING SOON: Industrial REITs conference call: BofAML&#8217;s China trade &amp;amp; NAFTA impact on warehouse markets call with JLL</interactionDescription>
        <interactionStatus>New</interactionStatus>
        <initiator>Broker</initiator>
        <start>2018-05-24</start>
        <startTime>
          <datetime>2018-05-24T00:00:00</datetime>
          <timezone>UTC</timezone>
        </startTime>
        <end>2018-05-24</end>
        <endTime>
          <datetime>2018-05-24T01:00:00</datetime>
          <timezone>UTC</timezone>
        </endTime>
        <duration>60</duration>
        <location>
          <address>
            <type>N/A</type>
            <city>New York</city>
            <country>USA</country>
          </address>
        </location>
        <brokerParticipants>
          <participant>
            <person>
              <firstName>Jamie</firstName>
              <lastName>Feldman</lastName>
              <email>james.feldman@baml.com</email>
            </person>
            <roles>
              <role>SellsideAnalyst</role>
            </roles>
          </participant>
        </brokerParticipants>
        <investorParticipants>
          <participant>
            <person>
              <firstName>DAVID</firstName>
              <lastName>KIRSHENBAUM</lastName>
              <email>dkirshenbaum@baronfunds.com</email>
            </person>
            <roles>
              <role>Other</role>
            </roles>
            <status>Attended</status>
          </participant>
          <participant>
            <person>
              <firstName>JEFF</firstName>
              <lastName>KOLITCH</lastName>
              <email>jkolitch@baronfunds.com</email>
            </person>
            <roles>
              <role>Other</role>
            </roles>
            <status>Attended</status>
          </participant>
        </investorParticipants>
      </interaction>
      <interaction>
        <parentID>CMP_27008107</parentID>
        <interactionID>CMP_27008107</interactionID>
        <interactionType>AnalystMarketing</interactionType>
        <interactionSubType>Email</interactionSubType>
        <interactionTitle>Round 2 -- The BofA ML Life Sciences &amp; Diagnostics Tools team thanks you for your support in the 2018 I.I. vote!</interactionTitle>
        <interactionDescription>Round 2 -- The BofA ML Life Sciences &amp; Diagnostics Tools team thanks you for your support in the 2018 I.I. vote!</interactionDescription>
        <interactionStatus>New</interactionStatus>
        <initiator>Broker</initiator>
        <start>2018-05-24</start>
        <startTime>
          <datetime>2018-05-24T00:00:00</datetime>
          <timezone>UTC</timezone>
        </startTime>
        <end>2018-05-24</end>
        <endTime>
          <datetime>2018-05-24T01:00:00</datetime>
          <timezone>UTC</timezone>
        </endTime>
        <sectors>
          <sector>35</sector>
        </sectors>
        <duration>60</duration>
        <location>
          <address>
            <type>N/A</type>
            <city>New York</city>
            <country>USA</country>
          </address>
        </location>
        <brokerParticipants>
          <participant>
            <person>
              <firstName>0lawrence</firstName>
              <lastName>Lin</lastName>
              <email>llawrence.w.lin@columbiamanagement.com</email>
            </person>
            <roles>
              <role>SellsideAnalyst</role>
            </roles>
          </participant>
          <participant>
            <person>
              <firstName>Derik</firstName>
              <lastName>De Bruin</lastName>
              <email>derik.de_bruin@baml.com</email>
            </person>
            <roles>
              <role>SellsideAnalyst</role>
            </roles>
          </participant>
        </brokerParticipants>
        <investorParticipants>
          <participant>
            <person>
              <firstName>CLIFFORD</firstName>
              <lastName>GREENBERG</lastName>
              <email>cgreenberg@baronfunds.com</email>
            </person>
            <roles>
              <role>Other</role>
            </roles>
            <status>Attended</status>
          </participant>
          <participant>
            <person>
              <firstName>NEAL</firstName>
              <lastName>KAUFMAN</lastName>
              <email>nkaufman@baronfunds.com</email>
            </person>
            <roles>
              <role>Other</role>
            </roles>
            <status>Attended</status>
          </participant>
          <participant>
            <person>
              <firstName>NEAL</firstName>
              <lastName>ROSENBERG</lastName>
              <email>nrosenberg@baronfunds.com</email>
            </person>
            <roles>
              <role>Other</role>
            </roles>
            <status>Attended</status>
          </participant>
        </investorParticipants>
      </interaction>
      <interaction>
        <parentID>CMP_27010504</parentID>
        <interactionID>CMP_27010504</interactionID>
        <interactionType>AnalystMarketing</interactionType>
        <interactionSubType>Email</interactionSubType>
        <interactionTitle>HDFCB IN: HDFC Bank: Growth only limited by &#8220;responsible ambitions&#8221;</interactionTitle>
        <interactionDescription>HDFCB IN: HDFC Bank: Growth only limited by &#8220;responsible ambitions&#8221;</interactionDescription>
        <interactionStatus>New</interactionStatus>
        <initiator>Broker</initiator>
        <start>2018-05-25</start>
        <startTime>
          <datetime>2018-05-25T00:00:00</datetime>
          <timezone>UTC</timezone>
        </startTime>
        <end>2018-05-25</end>
        <endTime>
          <datetime>2018-05-25T01:00:00</datetime>
          <timezone>UTC</timezone>
        </endTime>
        <sectors>
          <sector>40</sector>
        </sectors>
        <duration>60</duration>
        <location>
          <address>
            <type>N/A</type>
            <city>Mumbai Maharashtra</city>
            <country>IND</country>
          </address>
        </location>
        <brokerParticipants>
          <participant>
            <person>
              <firstName>Veekesh</firstName>
              <lastName>Gandhi</lastName>
              <email>veekesh.gandhi@baml.com</email>
            </person>
            <roles>
              <role>SellsideAnalyst</role>
            </roles>
          </participant>
        </brokerParticipants>
        <investorParticipants>
          <participant>
            <person>
              <firstName>ANUJ</firstName>
              <lastName>AGGARWAL</lastName>
              <email>aaggarwal@baronfunds.com</email>
            </person>
            <roles>
              <role>Other</role>
            </roles>
            <status>Attended</status>
          </participant>
          <participant>
            <person>
              <firstName>JOSE</firstName>
              <lastName>BARRIA</lastName>
              <email>jbarria@baronfunds.com</email>
            </person>
            <roles>
              <role>Other</role>
            </roles>
            <status>Attended</status>
          </participant>
        </investorParticipants>
      </interaction>
      <interaction>
        <parentID>CMP_27016219</parentID>
        <interactionID>CMP_27016219</interactionID>
        <interactionType>AnalystMarketing</interactionType>
        <interactionSubType>Email</interactionSubType>
        <interactionTitle>Hi  - do you want to catch up on VW, Conti, Mobility Services and the EU Auto sector? Let us know!</interactionTitle>
        <interactionDescription>Hi  - do you want to catch up on VW, Conti, Mobility Services and the EU Auto sector? Let us know!</interactionDescription>
        <interactionStatus>New</interactionStatus>
        <initiator>Broker</initiator>
        <start>2018-05-25</start>
        <startTime>
          <datetime>2018-05-25T00:00:00</datetime>
          <timezone>UTC</timezone>
        </startTime>
        <end>2018-05-25</end>
        <endTime>
          <datetime>2018-05-25T01:00:00</datetime>
          <timezone>UTC</timezone>
        </endTime>
        <sectors>
          <sector>25</sector>
        </sectors>
        <duration>60</duration>
        <location>
          <address>
            <type>N/A</type>
            <city>London</city>
            <country>GBR</country>
          </address>
        </location>
        <brokerParticipants>
          <participant>
            <person>
              <firstName>Kai</firstName>
              <lastName>Mueller</lastName>
              <email>kai.mueller@baml.com</email>
            </person>
            <roles>
              <role>SellsideAnalyst</role>
            </roles>
          </participant>
        </brokerParticipants>
        <investorParticipants>
          <participant>
            <person>
              <firstName>RONALD</firstName>
              <lastName>BARON</lastName>
              <email>rbaron@baronfunds.com</email>
            </person>
            <roles>
              <role>Other</role>
            </roles>
            <status>Attended</status>
          </participant>
          <participant>
            <person>
              <firstName>ISHAY</firstName>
              <lastName>LEVIN</lastName>
              <email>ILevin@baronfunds.com</email>
            </person>
            <roles>
              <role>Other</role>
            </roles>
            <status>Attended</status>
          </participant>
        </investorParticipants>
      </interaction>
      <interaction>
        <parentID>CMP_27017101</parentID>
        <interactionID>CMP_27017101</interactionID>
        <interactionType>AnalystMarketing</interactionType>
        <interactionSubType>Email</interactionSubType>
        <interactionTitle>AIRLINE ALPHA &#8211; BofA Merrill Lynch TRANSPORT Team &#8211; EUROPEAN AIRLINES &#8211; INVESTOR FEEDBACK &amp; CAPACITY ANALYSIS &#8211; HARD WORK &amp; DEDICATION</interactionTitle>
        <interactionDescription>AIRLINE ALPHA &#8211; BofA Merrill Lynch TRANSPORT Team &#8211; EUROPEAN AIRLINES &#8211; INVESTOR FEEDBACK &amp; CAPACITY ANALYSIS &#8211; HARD WORK &amp; DEDICATION</interactionDescription>
        <interactionStatus>New</interactionStatus>
        <initiator>Broker</initiator>
        <start>2018-05-25</start>
        <startTime>
          <datetime>2018-05-25T00:00:00</datetime>
          <timezone>UTC</timezone>
        </startTime>
        <end>2018-05-25</end>
        <endTime>
          <datetime>2018-05-25T01:00:00</datetime>
          <timezone>UTC</timezone>
        </endTime>
        <sectors>
          <sector>20</sector>
        </sectors>
        <duration>60</duration>
        <location>
          <address>
            <type>N/A</type>
            <city>London</city>
            <country>GBR</country>
          </address>
        </location>
        <brokerParticipants>
          <participant>
            <person>
              <firstName>Mark</firstName>
              <lastName>Falzon Sant Manduca</lastName>
              <email>mark.manduca@baml.com</email>
            </person>
            <roles>
              <role>SellsideAnalyst</role>
            </roles>
          </participant>
        </brokerParticipants>
        <investorParticipants>
          <participant>
            <person>
              <firstName>JOSH</firstName>
              <lastName>SALTMAN</lastName>
              <email>jsaltman@baronfunds.com</email>
            </person>
            <roles>
              <role>Other</role>
            </roles>
            <status>Attended</status>
          </participant>
          <participant>
            <person>
              <firstName>REBECCA</firstName>
              <lastName>ELLIN</lastName>
              <email>rellin@baronfunds.com</email>
            </person>
            <roles>
              <role>Other</role>
            </roles>
            <status>Attended</status>
          </participant>
          <participant>
            <person>
              <firstName>LAIRD</firstName>
              <lastName>BIEGER</lastName>
              <email>lbieger@baronfunds.com</email>
            </person>
            <roles>
              <role>Other</role>
            </roles>
            <status>Attended</status>
          </participant>
          <participant>
            <person>
              <firstName>DAVID</firstName>
              <lastName>BARON</lastName>
              <email>dbaron@baronfunds.com</email>
            </person>
            <roles>
              <role>Other</role>
            </roles>
            <status>Attended</status>
          </participant>
        </investorParticipants>
      </interaction>
      <interaction>
        <parentID>CMP_27060441</parentID>
        <interactionID>CMP_27060441</interactionID>
        <interactionType>AnalystMarketing</interactionType>
        <interactionSubType>CallGroup</interactionSubType>
        <interactionTitle>Technology: Conference call invitation: key takeaways from our 5G primer</interactionTitle>
        <interactionDescription>Technology: Conference call invitation: key takeaways from our 5G primer</interactionDescription>
        <interactionStatus>New</interactionStatus>
        <initiator>Broker</initiator>
        <start>2018-05-21</start>
        <startTime>
          <datetime>2018-05-21T00:00:00</datetime>
          <timezone>UTC</timezone>
        </startTime>
        <end>2018-05-21</end>
        <endTime>
          <datetime>2018-05-21T01:00:00</datetime>
          <timezone>UTC</timezone>
        </endTime>
        <duration>60</duration>
        <location>
          <address>
            <type>N/A</type>
            <city>New York</city>
            <country>USA</country>
          </address>
        </location>
        <companies>
          <company>
            <companyName>Acacia Communications</companyName>
            <isPublic>true</isPublic>
            <identifiers>
              <identifier type="ticker">ACIA US</identifier>
            </identifiers>
          </company>
        </companies>
        <brokerParticipants>
          <participant>
            <person>
              <firstName>Kayla</firstName>
              <lastName>Brooks</lastName>
              <email>kayla.brooks@baml.com</email>
            </person>
            <roles>
              <role>SellsideAnalyst</role>
            </roles>
          </participant>
          <participant>
            <person>
              <firstName>Tal</firstName>
              <lastName>Liani</lastName>
              <email>tal.liani@baml.com</email>
            </person>
            <roles>
              <role>SellsideAnalyst</role>
            </roles>
          </participant>
          <participant>
            <person>
              <firstName>Daniel</firstName>
              <lastName>Bartus</lastName>
              <email>daniel.bartus@baml.com</email>
            </person>
            <roles>
              <role>SellsideAnalyst</role>
            </roles>
          </participant>
        </brokerParticipants>
        <investorParticipants>
          <participant>
            <person>
              <firstName>ALEXANDER</firstName>
              <lastName>MAHYLIS</lastName>
              <email>aMahylis@baronfunds.com</email>
            </person>
            <roles>
              <role>Other</role>
            </roles>
            <status>Attended</status>
          </participant>
        </investorParticipants>
      </interaction>
      <interaction>
        <parentID>CMP_27006529</parentID>
        <interactionID>CMP_27006529</interactionID>
        <interactionType>AnalystMarketing</interactionType>
        <interactionSubType>Email</interactionSubType>
        <interactionTitle>Hi  - RENT: Undeserved performance - 5 reasons to buy</interactionTitle>
        <interactionDescription>Hi  - RENT: Undeserved performance - 5 reasons to buy</interactionDescription>
        <interactionStatus>New</interactionStatus>
        <initiator>Broker</initiator>
        <start>2018-05-24</start>
        <startTime>
          <datetime>2018-05-24T00:00:00</datetime>
          <timezone>UTC</timezone>
        </startTime>
        <end>2018-05-24</end>
        <endTime>
          <datetime>2018-05-24T01:00:00</datetime>
          <timezone>UTC</timezone>
        </endTime>
        <sectors>
          <sector>55</sector>
        </sectors>
        <duration>60</duration>
        <location>
          <address>
            <type>N/A</type>
            <city>Sao Paulo-Sp</city>
            <country>BRA</country>
          </address>
        </location>
        <brokerParticipants>
          <participant>
            <person>
              <firstName>Murilo</firstName>
              <lastName>Freiberger</lastName>
              <email>murilo.freiberger@baml.com</email>
            </person>
            <roles>
              <role>SellsideAnalyst</role>
            </roles>
          </participant>
        </brokerParticipants>
        <investorParticipants>
          <participant>
            <person>
              <firstName>KYUHEY</firstName>
              <lastName>AUGUST</lastName>
              <email>kaugust@baronfunds.com</email>
            </person>
            <roles>
              <role>Other</role>
            </roles>
            <status>Attended</status>
          </participant>
        </investorParticipants>
      </interaction>
      <interaction>
        <parentID>CMP_26984152</parentID>
        <interactionID>CMP_26984152</interactionID>
        <interactionType>AnalystMarketing</interactionType>
        <interactionSubType>Email</interactionSubType>
        <interactionTitle>Auto Goldilocks Part Deux&#8230;please vote for us in II so this doesn&#8217;t turn into a Grimm fairy tale&#8230;</interactionTitle>
        <interactionDescription>Auto Goldilocks Part Deux&#8230;please vote for us in II so this doesn&#8217;t turn into a Grimm fairy tale&#8230;</interactionDescription>
        <interactionStatus>New</interactionStatus>
        <initiator>Broker</initiator>
        <start>2018-05-21</start>
        <startTime>
          <datetime>2018-05-21T00:00:00</datetime>
          <timezone>UTC</timezone>
        </startTime>
        <end>2018-05-21</end>
        <endTime>
          <datetime>2018-05-21T01:00:00</datetime>
          <timezone>UTC</timezone>
        </endTime>
        <sectors>
          <sector>25</sector>
        </sectors>
        <duration>60</duration>
        <location>
          <address>
            <type>N/A</type>
            <city>New York</city>
            <country>USA</country>
          </address>
        </location>
        <brokerParticipants>
          <participant>
            <person>
              <firstName>John J</firstName>
              <lastName>Murphy</lastName>
              <email>johnj.murphy@baml.com</email>
            </person>
            <roles>
              <role>SellsideAnalyst</role>
            </roles>
          </participant>
        </brokerParticipants>
        <investorParticipants>
          <participant>
            <person>
              <firstName>ISHAY</firstName>
              <lastName>LEVIN</lastName>
              <email>ILevin@baronfunds.com</email>
            </person>
            <roles>
              <role>Other</role>
            </roles>
            <status>Attended</status>
          </participant>
        </investorParticipants>
      </interaction>
      <interaction>
        <parentID>CMP_27075636</parentID>
        <interactionID>CMP_27075636</interactionID>
        <interactionType>AnalystMarketing</interactionType>
        <interactionSubType>VoiceMail</interactionSubType>
        <interactionTitle>HQY Initiation</interactionTitle>
        <interactionDescription>HQY Initiation</interactionDescription>
        <interactionStatus>New</interactionStatus>
        <initiator>Broker</initiator>
        <start>2018-05-23</start>
        <startTime>
          <datetime>2018-05-23T00:00:00</datetime>
          <timezone>UTC</timezone>
        </startTime>
        <end>2018-05-23</end>
        <endTime>
          <datetime>2018-05-23T00:01:00</datetime>
          <timezone>UTC</timezone>
        </endTime>
        <duration>1</duration>
        <location>
          <address>
            <type>N/A</type>
            <city>New York</city>
            <country>USA</country>
          </address>
        </location>
        <companies>
          <company>
            <companyName>HealthEquity Inc</companyName>
            <isPublic>true</isPublic>
            <identifiers>
              <identifier type="ticker">HQY US</identifier>
            </identifiers>
          </company>
        </companies>
        <brokerParticipants>
          <participant>
            <person>
              <firstName>Allen</firstName>
              <lastName>Lutz</lastName>
              <email>allen.lutz@baml.com</email>
            </person>
            <roles>
              <role>SellsideAnalyst</role>
            </roles>
          </participant>
        </brokerParticipants>
        <investorParticipants>
          <participant>
            <person>
              <firstName>NEAL</firstName>
              <lastName>KAUFMAN</lastName>
              <email>nkaufman@baronfunds.com</email>
            </person>
            <roles>
              <role>Other</role>
            </roles>
            <status>Attended</status>
          </participant>
        </investorParticipants>
      </interaction>
      <interaction>
        <parentID>CMP_27079371</parentID>
        <interactionID>CMP_27079371</interactionID>
        <interactionType>AnalystMarketing</interactionType>
        <interactionSubType>VoiceMail</interactionSubType>
        <interactionTitle>KR, TG, Trackin...</interactionTitle>
        <interactionDescription>KR, TG, Trackin...</interactionDescription>
        <interactionStatus>New</interactionStatus>
        <initiator>Broker</initiator>
        <start>2018-05-24</start>
        <startTime>
          <datetime>2018-05-24T00:00:00</datetime>
          <timezone>UTC</timezone>
        </startTime>
        <end>2018-05-24</end>
        <endTime>
          <datetime>2018-05-24T00:02:00</datetime>
          <timezone>UTC</timezone>
        </endTime>
        <sectors>
          <sector>25</sector>
        </sectors>
        <duration>2</duration>
        <location>
          <address>
            <type>N/A</type>
            <city>New York</city>
            <country>USA</country>
          </address>
        </location>
        <brokerParticipants>
          <participant>
            <person>
              <firstName>Robby</firstName>
              <lastName>Ohmes</lastName>
              <email>robert.ohmes@baml.com</email>
            </person>
            <roles>
              <role>SellsideAnalyst</role>
            </roles>
          </participant>
        </brokerParticipants>
        <investorParticipants>
          <participant>
            <person>
              <firstName>JEFF</firstName>
              <lastName>KOLITCH</lastName>
              <email>jkolitch@baronfunds.com</email>
            </person>
            <roles>
              <role>Other</role>
            </roles>
            <status>Attended</status>
          </participant>
        </investorParticipants>
      </interaction>
      <interaction>
        <parentID>SCR_2794144</parentID>
        <interactionID>SCR_2794144</interactionID>
        <interactionType>AnalystMarketing</interactionType>
        <interactionSubType>1x1</interactionSubType>
        <interactionTitle>All-America 2018 Vote Tracking Day 9</interactionTitle>
        <interactionDescription>All-America 2018 Vote Tracking Day 9</interactionDescription>
        <interactionStatus>New</interactionStatus>
        <initiator>Investor</initiator>
        <start>2018-05-24</start>
        <startTime>
          <datetime>2018-05-24T00:00:00</datetime>
          <timezone>UTC</timezone>
        </startTime>
        <end>2018-05-24</end>
        <endTime>
          <datetime>2018-05-24T01:00:00</datetime>
          <timezone>UTC</timezone>
        </endTime>
        <sectors>
          <sector>40</sector>
        </sectors>
        <duration>60</duration>
        <location>
          <address>
            <type>Offsite</type>
          </address>
        </location>
        <brokerParticipants>
          <participant>
            <person>
              <firstName>Michael</firstName>
              <lastName>Carrier</lastName>
              <email>michael.carrier@baml.com</email>
            </person>
            <roles>
              <role>SellsideAnalyst</role>
            </roles>
          </participant>
        </brokerParticipants>
        <investorParticipants>
          <participant>
            <person>
              <firstName>Michael</firstName>
              <lastName>Baron</lastName>
              <email>mbaron@baronfunds.com</email>
            </person>
            <roles>
              <role>Other</role>
            </roles>
            <status>Attended</status>
          </participant>
        </investorParticipants>
      </interaction>
      <interaction>
        <parentID>CMP_27002092</parentID>
        <interactionID>CMP_27002092</interactionID>
        <interactionType>AnalystMarketing</interactionType>
        <interactionSubType>Email</interactionSubType>
        <interactionTitle>SUNP IN: Sun Pharma: Yonsa adds to specialty, but what is the real benefit in prostate cancer market? - UNDERPERFORM</interactionTitle>
        <interactionDescription>SUNP IN: Sun Pharma: Yonsa adds to specialty, but what is the real benefit in prostate cancer market? - UNDERPERFORM</interactionDescription>
        <interactionStatus>New</interactionStatus>
        <initiator>Broker</initiator>
        <start>2018-05-24</start>
        <startTime>
          <datetime>2018-05-24T00:00:00</datetime>
          <timezone>UTC</timezone>
        </startTime>
        <end>2018-05-24</end>
        <endTime>
          <datetime>2018-05-24T01:00:00</datetime>
          <timezone>UTC</timezone>
        </endTime>
        <sectors>
          <sector>35</sector>
        </sectors>
        <duration>60</duration>
        <location>
          <address>
            <type>N/A</type>
            <city>Mumbai Maharashtra</city>
            <country>IND</country>
          </address>
        </location>
        <brokerParticipants>
          <participant>
            <person>
              <firstName>Girish</firstName>
              <lastName>Bakhru</lastName>
              <email>girish.bakhru@baml.com</email>
            </person>
            <roles>
              <role>SellsideAnalyst</role>
            </roles>
          </participant>
        </brokerParticipants>
        <investorParticipants>
          <participant>
            <person>
              <firstName>ANUJ</firstName>
              <lastName>AGGARWAL</lastName>
              <email>aaggarwal@baronfunds.com</email>
            </person>
            <roles>
              <role>Other</role>
            </roles>
            <status>Attended</status>
          </participant>
        </investorParticipants>
      </interaction>
      <interaction>
        <parentID>SCR_2795638</parentID>
        <interactionID>SCR_2795638</interactionID>
        <interactionType>AnalystMarketing</interactionType>
        <interactionSubType>1x1</interactionSubType>
        <interactionTitle>All-America 2018 Vote Tracking Day 10</interactionTitle>
        <interactionDescription>All-America 2018 Vote Tracking Day 10</interactionDescription>
        <interactionStatus>New</interactionStatus>
        <initiator>Investor</initiator>
        <start>2018-05-25</start>
        <startTime>
          <datetime>2018-05-25T00:00:00</datetime>
          <timezone>UTC</timezone>
        </startTime>
        <end>2018-05-25</end>
        <endTime>
          <datetime>2018-05-25T01:00:00</datetime>
          <timezone>UTC</timezone>
        </endTime>
        <sectors>
          <sector>25</sector>
        </sectors>
        <duration>60</duration>
        <location>
          <address>
            <type>Offsite</type>
          </address>
        </location>
        <brokerParticipants>
          <participant>
            <person>
              <firstName>Robby</firstName>
              <lastName>Ohmes</lastName>
              <email>robert.ohmes@baml.com</email>
            </person>
            <roles>
              <role>SellsideAnalyst</role>
            </roles>
          </participant>
        </brokerParticipants>
        <investorParticipants>
          <participant>
            <person>
              <firstName>Jeff</firstName>
              <lastName>Kolitch</lastName>
              <email>jkolitch@baronfunds.com</email>
            </person>
            <roles>
              <role>Other</role>
            </roles>
            <status>Attended</status>
          </participant>
        </investorParticipants>
      </interaction>
    </investor>
  </interactions>
</clientinteraction>
