<?xml version="1.0" encoding="utf-8"?>
<clientinteraction xmlns:xsd="http://www.w3.org/2001/XMLSchema" xmlns:xsi="http://www.w3.org/2001/XMLSchema-instance" xmlns="http://oneaccess.io/corporateaccess/clientinteraction/2.1.1">
  <updated>
    <datetime>2016-05-09T16:43:49.3823692Z</datetime>
    <timezone>Etc/UTC</timezone>
  </updated>
  <broker>HIGH TEST KATE</broker>
  <interactions>
    <investor>
      <investorName>KATE 02_12</investorName>
      <interaction>
        <parentID>000025930</parentID>
		<interactionID>000025330</interactionID>
        <interactionType>AnalystMarketing</interactionType>
        <interactionSubType>1x1</interactionSubType>
        <interactionTitle>Missing Company Participant element (AnalystMarketing)</interactionTitle>
        <start>2016-07-28</start>
        <startTime>
          <datetime>2016-07-28T12:00:00-04:00</datetime>
          <timezone>US/Eastern</timezone>
        </startTime>
        <end>2016-07-31</end>
        <endTime>
          <datetime>2016-07-31T12:05:00-04:00</datetime>
          <timezone>US/Eastern</timezone>
        </endTime>
        
          <originatingRegion>North America</originatingRegion>
        
       <sectors>
	   <sector>45</sector>
	   </sectors>
        <location>
          <address>
            <type>Offsite</type>
            <city>New York</city>
          </address>
        </location>
        <companies>
          <company>
            <companyName>Corning Inc</companyName>
            <isPublic>true</isPublic>
            <identifiers>
              <identifier type="Ticker">GLW</identifier>
            </identifiers>
          </company>
        </companies>
        <brokerParticipants>
          <participant>
            <person>
              <firstName>George</firstName>
              <lastName>Notter</lastName>
              <email>Broker@email.com</email>
              <email>Broker@email.com</email>
              
              <title>Analyst</title>
            </person>
            <roles>
              <role>SellsideAnalyst</role>
            </roles>
            <status>Confirmed</status>
          </participant>
          <participant>
            <person>
              <firstName>Shanelle</firstName>
              <lastName>Trinidad</lastName>
              <email>Broker2@email.com</email>
              
              <title>Research Sales</title>
            </person>
            <roles>
              <role>SellsideSales</role>
            </roles>
            <status>Confirmed</status>
          </participant>
        </brokerParticipants>
        <investorParticipants>
          <participant>
            <person>
              <firstName>Ken</firstName>
              <lastName>Chang</lastName>
              <email>investor@email.com</email>
              
              <title />
            </person>
            <roles>
              <role>PortfolioManager</role>
            </roles>
            <status>Attended</status>
          </participant>
        </investorParticipants>
		<thirdPartyParticipants>
          <participant>
            <person>
              <firstName>Ken1</firstName>
              <lastName>Chang1</lastName>
              
              <title>experttitle</title>
              
              <title />
            </person>
            <roles>
              <role>IndustryExpert</role>
            </roles>
            <status>Attended</status>
          </participant>
        </thirdPartyParticipants>
      </interaction>
       <interaction>
        <parentID>000025329</parentID>
		<interactionID>000025329</interactionID>
        <interactionType>Conference</interactionType>
        <interactionSubType>1x1</interactionSubType>
        <interactionTitle>Missing Company Participant element (Conference)</interactionTitle>
        <start>2016-07-28</start>
        <startTime>
          <datetime>2016-07-28T12:00:00-04:00</datetime>
          <timezone>US/Eastern</timezone>
        </startTime>
        <end>2016-07-31</end>
        <endTime>
          <datetime>2016-07-31T12:05:00-04:00</datetime>
          <timezone>US/Eastern</timezone>
        </endTime>
        
          <originatingRegion>North America</originatingRegion>
        
       <sectors><sector>45</sector></sectors>
        <location>
          <address>
            <type>Offsite</type>
            <city>New York</city>
          </address>
        </location>
        <companies>
          <company>
            <companyName>Corning Inc</companyName>
            <isPublic>true</isPublic>
            <identifiers>
              <identifier type="Ticker">GLW</identifier>
            </identifiers>
          </company>
        </companies>
        <brokerParticipants>
          <participant>
            <person>
              <firstName>George</firstName>
              <lastName>Notter</lastName>
              <email>Broker@email.com</email>
              <email>Broker@email.com</email>
              
              <title>Analyst</title>
            </person>
            <roles>
              <role>SellsideAnalyst</role>
            </roles>
            <status>Confirmed</status>
          </participant>
          <participant>
            <person>
              <firstName>Shanelle</firstName>
              <lastName>Trinidad</lastName>
              <email>Broker2@email.com</email>
              
              <title>Research Sales</title>
            </person>
            <roles>
              <role>SellsideSales</role>
            </roles>
            <status>Confirmed</status>
          </participant>
        </brokerParticipants>
        <investorParticipants>
          <participant>
            <person>
              <firstName>Ken</firstName>
              <lastName>Chang</lastName>
              <email>investor@email.com</email>
              
              <title />
            </person>
            <roles>
              <role>PortfolioManager</role>
            </roles>
            <status>Attended</status>
          </participant>
        </investorParticipants>
		<thirdPartyParticipants>
          <participant>
            <person>
              <firstName>Ken1</firstName>
              <lastName>Chang1</lastName>
              
              <title>experttitle</title>
              
              <title />
            </person>
            <roles>
              <role>IndustryExpert</role>
            </roles>
            <status>Attended</status>
          </participant>
        </thirdPartyParticipants>
      </interaction>
	    <interaction>
        <parentID>000025328</parentID>
		<interactionID>000025328</interactionID>
        <interactionType>CorporateAccessDay</interactionType>
        <interactionSubType>1x1</interactionSubType>
        <interactionTitle>Missing Company Participant element (CorporateAccessDay)</interactionTitle>
        <start>2016-07-28</start>
        <startTime>
          <datetime>2016-07-28T12:00:00-04:00</datetime>
          <timezone>US/Eastern</timezone>
        </startTime>
        <end>2016-07-31</end>
        <endTime>
          <datetime>2016-07-31T12:05:00-04:00</datetime>
          <timezone>US/Eastern</timezone>
        </endTime>
        
          <originatingRegion>North America</originatingRegion>
        
       <sectors><sector>45</sector></sectors>
        <location>
          <address>
            <type>Offsite</type>
            <city>New York</city>
          </address>
        </location>
        <companies>
          <company>
            <companyName>Corning Inc</companyName>
            <isPublic>true</isPublic>
            <identifiers>
              <identifier type="Ticker">GLW</identifier>
            </identifiers>
          </company>
        </companies>
        <brokerParticipants>
          <participant>
            <person>
              <firstName>George</firstName>
              <lastName>Notter</lastName>
              <email>Broker@email.com</email>
              <email>Broker@email.com</email>
              
              <title>Analyst</title>
            </person>
            <roles>
              <role>SellsideAnalyst</role>
            </roles>
            <status>Confirmed</status>
          </participant>
          <participant>
            <person>
              <firstName>Shanelle</firstName>
              <lastName>Trinidad</lastName>
              <email>Broker2@email.com</email>
              
              <title>Research Sales</title>
            </person>
            <roles>
              <role>SellsideSales</role>
            </roles>
            <status>Confirmed</status>
          </participant>
        </brokerParticipants>
        <investorParticipants>
          <participant>
            <person>
              <firstName>Ken</firstName>
              <lastName>Chang</lastName>
              <email>investor@email.com</email>
              
              <title />
            </person>
            <roles>
              <role>PortfolioManager</role>
            </roles>
            <status>Attended</status>
          </participant>
        </investorParticipants>
		<thirdPartyParticipants>
          <participant>
            <person>
              <firstName>Ken1</firstName>
              <lastName>Chang1</lastName>
              
              <title>experttitle</title>
              
              <title />
            </person>
            <roles>
              <role>IndustryExpert</role>
            </roles>
            <status>Attended</status>
          </participant>
        </thirdPartyParticipants>
      </interaction>
	    <interaction>
        <parentID>000025327</parentID>
		<interactionID>000025327</interactionID>
        <interactionType>InvestorRelationsDay</interactionType>
        <interactionSubType>1x1</interactionSubType>
        <interactionTitle>Missing Company Participant element (InvestorRelationsDay)</interactionTitle>
        <start>2016-07-28</start>
        <startTime>
          <datetime>2016-07-28T12:00:00-04:00</datetime>
          <timezone>US/Eastern</timezone>
        </startTime>
        <end>2016-07-31</end>
        <endTime>
          <datetime>2016-07-31T12:05:00-04:00</datetime>
          <timezone>US/Eastern</timezone>
        </endTime>
        
          <originatingRegion>North America</originatingRegion>
        
       <sectors><sector>45</sector></sectors>
        <location>
          <address>
            <type>Offsite</type>
            <city>New York</city>
          </address>
        </location>
        <companies>
          <company>
            <companyName>Corning Inc</companyName>
            <isPublic>true</isPublic>
            <identifiers>
              <identifier type="Ticker">GLW</identifier>
            </identifiers>
          </company>
        </companies>
        <brokerParticipants>
          <participant>
            <person>
              <firstName>George</firstName>
              <lastName>Notter</lastName>
              <email>Broker@email.com</email>
              <email>Broker@email.com</email>
              
              <title>Analyst</title>
            </person>
            <roles>
              <role>SellsideAnalyst</role>
            </roles>
            <status>Confirmed</status>
          </participant>
          <participant>
            <person>
              <firstName>Shanelle</firstName>
              <lastName>Trinidad</lastName>
              <email>Broker2@email.com</email>
              
              <title>Research Sales</title>
            </person>
            <roles>
              <role>SellsideSales</role>
            </roles>
            <status>Confirmed</status>
          </participant>
        </brokerParticipants>
        <investorParticipants>
          <participant>
            <person>
              <firstName>Ken</firstName>
              <lastName>Chang</lastName>
              <email>investor@email.com</email>
              
              <title />
            </person>
            <roles>
              <role>PortfolioManager</role>
            </roles>
            <status>Attended</status>
          </participant>
        </investorParticipants>
		<thirdPartyParticipants>
          <participant>
            <person>
              <firstName>Ken1</firstName>
              <lastName>Chang1</lastName>
              
              <title>experttitle</title>
              
              <title />
            </person>
            <roles>
              <role>IndustryExpert</role>
            </roles>
            <status>Attended</status>
          </participant>
        </thirdPartyParticipants>
      </interaction>
	    <interaction>
        <parentID>000025326</parentID>
		<interactionID>000025326</interactionID>
        <interactionType>AnalystDay</interactionType>
        <interactionSubType>1x1</interactionSubType>
        <interactionTitle>Missing Company Participant element (AnalystDay)</interactionTitle>
        <start>2016-07-28</start>
        <startTime>
          <datetime>2016-07-28T12:00:00-04:00</datetime>
          <timezone>US/Eastern</timezone>
        </startTime>
        <end>2016-07-31</end>
        <endTime>
          <datetime>2016-07-31T12:05:00-04:00</datetime>
          <timezone>US/Eastern</timezone>
        </endTime>
        
          <originatingRegion>North America</originatingRegion>
        
       <sectors><sector>45</sector></sectors>
        <location>
          <address>
            <type>Offsite</type>
            <city>New York</city>
          </address>
        </location>
        <companies>
          <company>
            <companyName>Corning Inc</companyName>
            <isPublic>true</isPublic>
            <identifiers>
              <identifier type="Ticker">GLW</identifier>
            </identifiers>
          </company>
        </companies>
        <brokerParticipants>
          <participant>
            <person>
              <firstName>George</firstName>
              <lastName>Notter</lastName>
              <email>Broker@email.com</email>
              <email>Broker@email.com</email>
              
              <title>Analyst</title>
            </person>
            <roles>
              <role>SellsideAnalyst</role>
            </roles>
            <status>Confirmed</status>
          </participant>
          <participant>
            <person>
              <firstName>Shanelle</firstName>
              <lastName>Trinidad</lastName>
              <email>Broker2@email.com</email>
              
              <title>Research Sales</title>
            </person>
            <roles>
              <role>SellsideSales</role>
            </roles>
            <status>Confirmed</status>
          </participant>
        </brokerParticipants>
        <investorParticipants>
          <participant>
            <person>
              <firstName>Ken</firstName>
              <lastName>Chang</lastName>
              <email>investor@email.com</email>
              
              <title />
            </person>
            <roles>
              <role>PortfolioManager</role>
            </roles>
            <status>Attended</status>
          </participant>
        </investorParticipants>
		<thirdPartyParticipants>
          <participant>
            <person>
              <firstName>Ken1</firstName>
              <lastName>Chang1</lastName>
              
              <title>experttitle</title>
              
              <title />
            </person>
            <roles>
              <role>IndustryExpert</role>
            </roles>
            <status>Attended</status>
          </participant>
        </thirdPartyParticipants>
      </interaction>
	    <interaction>
        <parentID>000025325</parentID>
		<interactionID>000025325</interactionID>
        <interactionType>Show</interactionType>
        <interactionSubType>1x1</interactionSubType>
        <interactionTitle>Missing Company Participant element (Show)</interactionTitle>
        <start>2016-07-28</start>
        <startTime>
          <datetime>2016-07-28T12:00:00-04:00</datetime>
          <timezone>US/Eastern</timezone>
        </startTime>
        <end>2016-07-31</end>
        <endTime>
          <datetime>2016-07-31T12:05:00-04:00</datetime>
          <timezone>US/Eastern</timezone>
        </endTime>
        
          <originatingRegion>North America</originatingRegion>
        
       <sectors><sector>45</sector></sectors>
        <location>
          <address>
            <type>Offsite</type>
            <city>New York</city>
          </address>
        </location>
        <companies>
          <company>
            <companyName>Corning Inc</companyName>
            <isPublic>true</isPublic>
            <identifiers>
              <identifier type="Ticker">GLW</identifier>
            </identifiers>
          </company>
        </companies>
        <brokerParticipants>
          <participant>
            <person>
              <firstName>George</firstName>
              <lastName>Notter</lastName>
              <email>Broker@email.com</email>
              <email>Broker@email.com</email>
              
              <title>Analyst</title>
            </person>
            <roles>
              <role>SellsideAnalyst</role>
            </roles>
            <status>Confirmed</status>
          </participant>
          <participant>
            <person>
              <firstName>Shanelle</firstName>
              <lastName>Trinidad</lastName>
              <email>Broker2@email.com</email>
              
              <title>Research Sales</title>
            </person>
            <roles>
              <role>SellsideSales</role>
            </roles>
            <status>Confirmed</status>
          </participant>
        </brokerParticipants>
        <investorParticipants>
          <participant>
            <person>
              <firstName>Ken</firstName>
              <lastName>Chang</lastName>
              <email>investor@email.com</email>
              
              <title />
            </person>
            <roles>
              <role>PortfolioManager</role>
            </roles>
            <status>Attended</status>
          </participant>
        </investorParticipants>
		<thirdPartyParticipants>
          <participant>
            <person>
              <firstName>Ken1</firstName>
              <lastName>Chang1</lastName>
              
              <title>experttitle</title>
              
              <title />
            </person>
            <roles>
              <role>IndustryExpert</role>
            </roles>
            <status>Attended</status>
          </participant>
        </thirdPartyParticipants>
      </interaction>
	    <interaction>
        <parentID>000025324</parentID>
		<interactionID>000025324</interactionID>
        <interactionType>MultiCompanyEvent</interactionType>
        <interactionSubType>1x1</interactionSubType>
        <interactionTitle>Missing Company Participant element (MultiCompanyEvent)</interactionTitle>
        <start>2016-07-28</start>
        <startTime>
          <datetime>2016-07-28T12:00:00-04:00</datetime>
          <timezone>US/Eastern</timezone>
        </startTime>
        <end>2016-07-31</end>
        <endTime>
          <datetime>2016-07-31T12:05:00-04:00</datetime>
          <timezone>US/Eastern</timezone>
        </endTime>
        
          <originatingRegion>North America</originatingRegion>
        
       <sectors><sector>45</sector></sectors>
        <location>
          <address>
            <type>Offsite</type>
            <city>New York</city>
          </address>
        </location>
        <companies>
          <company>
            <companyName>Corning Inc</companyName>
            <isPublic>true</isPublic>
            <identifiers>
              <identifier type="Ticker">GLW</identifier>
            </identifiers>
          </company>
        </companies>
        <brokerParticipants>
          <participant>
            <person>
              <firstName>George</firstName>
              <lastName>Notter</lastName>
              <email>Broker@email.com</email>
              <email>Broker@email.com</email>
              
              <title>Analyst</title>
            </person>
            <roles>
              <role>SellsideAnalyst</role>
            </roles>
            <status>Confirmed</status>
          </participant>
          <participant>
            <person>
              <firstName>Shanelle</firstName>
              <lastName>Trinidad</lastName>
              <email>Broker2@email.com</email>
              
              <title>Research Sales</title>
            </person>
            <roles>
              <role>SellsideSales</role>
            </roles>
            <status>Confirmed</status>
          </participant>
        </brokerParticipants>
        <investorParticipants>
          <participant>
            <person>
              <firstName>Ken</firstName>
              <lastName>Chang</lastName>
              <email>investor@email.com</email>
              
              <title />
            </person>
            <roles>
              <role>PortfolioManager</role>
            </roles>
            <status>Attended</status>
          </participant>
        </investorParticipants>
		<thirdPartyParticipants>
          <participant>
            <person>
              <firstName>Ken1</firstName>
              <lastName>Chang1</lastName>
              
              <title>experttitle</title>
              
              <title />
            </person>
            <roles>
              <role>IndustryExpert</role>
            </roles>
            <status>Attended</status>
          </participant>
        </thirdPartyParticipants>
      </interaction>
	    <interaction>
        <parentID>000025323</parentID>
		<interactionID>000025323</interactionID>
        <interactionType>Forum</interactionType>
        <interactionSubType>1x1</interactionSubType>
        <interactionTitle>Missing Company Participant element (Forum)</interactionTitle>
        <start>2016-07-28</start>
        <startTime>
          <datetime>2016-07-28T12:00:00-04:00</datetime>
          <timezone>US/Eastern</timezone>
        </startTime>
        <end>2016-07-31</end>
        <endTime>
          <datetime>2016-07-31T12:05:00-04:00</datetime>
          <timezone>US/Eastern</timezone>
        </endTime>
        
          <originatingRegion>North America</originatingRegion>
        
       <sectors><sector>45</sector></sectors>
        <location>
          <address>
            <type>Offsite</type>
            <city>New York</city>
          </address>
        </location>
        <companies>
          <company>
            <companyName>Corning Inc</companyName>
            <isPublic>true</isPublic>
            <identifiers>
              <identifier type="Ticker">GLW</identifier>
            </identifiers>
          </company>
        </companies>
        <brokerParticipants>
          <participant>
            <person>
              <firstName>George</firstName>
              <lastName>Notter</lastName>
              <email>Broker@email.com</email>
              <email>Broker@email.com</email>
              
              <title>Analyst</title>
            </person>
            <roles>
              <role>SellsideAnalyst</role>
            </roles>
            <status>Confirmed</status>
          </participant>
          <participant>
            <person>
              <firstName>Shanelle</firstName>
              <lastName>Trinidad</lastName>
              <email>Broker2@email.com</email>
              
              <title>Research Sales</title>
            </person>
            <roles>
              <role>SellsideSales</role>
            </roles>
            <status>Confirmed</status>
          </participant>
        </brokerParticipants>
        <investorParticipants>
          <participant>
            <person>
              <firstName>Ken</firstName>
              <lastName>Chang</lastName>
              <email>investor@email.com</email>
              
              <title />
            </person>
            <roles>
              <role>PortfolioManager</role>
            </roles>
            <status>Attended</status>
          </participant>
        </investorParticipants>
		<thirdPartyParticipants>
          <participant>
            <person>
              <firstName>Ken1</firstName>
              <lastName>Chang1</lastName>
              
              <title>experttitle</title>
              
              <title />
            </person>
            <roles>
              <role>IndustryExpert</role>
            </roles>
            <status>Attended</status>
          </participant>
        </thirdPartyParticipants>
      </interaction>
	    <interaction>
        <parentID>000025322</parentID>
		<interactionID>000025322</interactionID>
        <interactionType>IndustryEvent</interactionType>
        <interactionSubType>1x1</interactionSubType>
        <interactionTitle>Missing Company Participant element (IndustryEvent)</interactionTitle>
        <start>2016-07-28</start>
        <startTime>
          <datetime>2016-07-28T12:00:00-04:00</datetime>
          <timezone>US/Eastern</timezone>
        </startTime>
        <end>2016-07-31</end>
        <endTime>
          <datetime>2016-07-31T12:05:00-04:00</datetime>
          <timezone>US/Eastern</timezone>
        </endTime>
        
          <originatingRegion>North America</originatingRegion>
        
       <sectors><sector>45</sector></sectors>
        <location>
          <address>
            <type>Offsite</type>
            <city>New York</city>
          </address>
        </location>
        <companies>
          <company>
            <companyName>Corning Inc</companyName>
            <isPublic>true</isPublic>
            <identifiers>
              <identifier type="Ticker">GLW</identifier>
            </identifiers>
          </company>
        </companies>
        <brokerParticipants>
          <participant>
            <person>
              <firstName>George</firstName>
              <lastName>Notter</lastName>
              <email>Broker@email.com</email>
              <email>Broker@email.com</email>
              
              <title>Analyst</title>
            </person>
            <roles>
              <role>SellsideAnalyst</role>
            </roles>
            <status>Confirmed</status>
          </participant>
          <participant>
            <person>
              <firstName>Shanelle</firstName>
              <lastName>Trinidad</lastName>
              <email>Broker2@email.com</email>
              
              <title>Research Sales</title>
            </person>
            <roles>
              <role>SellsideSales</role>
            </roles>
            <status>Confirmed</status>
          </participant>
        </brokerParticipants>
        <investorParticipants>
          <participant>
            <person>
              <firstName>Ken</firstName>
              <lastName>Chang</lastName>
              <email>investor@email.com</email>
              
              <title />
            </person>
            <roles>
              <role>PortfolioManager</role>
            </roles>
            <status>Attended</status>
          </participant>
        </investorParticipants>
		<thirdPartyParticipants>
          <participant>
            <person>
              <firstName>Ken1</firstName>
              <lastName>Chang1</lastName>
              
              <title>experttitle</title>
              
              <title />
            </person>
            <roles>
              <role>IndustryExpert</role>
            </roles>
            <status>Attended</status>
          </participant>
        </thirdPartyParticipants>
      </interaction>
	    <interaction>
        <parentID>000025321</parentID>
		<interactionID>000025321</interactionID>
        <interactionType>NonDealRoadshow</interactionType>
        <interactionSubType>1x1</interactionSubType>
        <interactionTitle>Missing Company Participant element (NonDealRoadshow)</interactionTitle>
        <start>2016-07-28</start>
        <startTime>
          <datetime>2016-07-28T12:00:00-04:00</datetime>
          <timezone>US/Eastern</timezone>
        </startTime>
        <end>2016-07-31</end>
        <endTime>
          <datetime>2016-07-31T12:05:00-04:00</datetime>
          <timezone>US/Eastern</timezone>
        </endTime>
        
          <originatingRegion>North America</originatingRegion>
        
       <sectors><sector>45</sector></sectors>
        <location>
          <address>
            <type>Offsite</type>
            <city>New York</city>
          </address>
        </location>
        <companies>
          <company>
            <companyName>Corning Inc</companyName>
            <isPublic>true</isPublic>
            <identifiers>
              <identifier type="Ticker">GLW</identifier>
            </identifiers>
          </company>
        </companies>
        <brokerParticipants>
          <participant>
            <person>
              <firstName>George</firstName>
              <lastName>Notter</lastName>
              <email>Broker@email.com</email>
              <email>Broker@email.com</email>
              
              <title>Analyst</title>
            </person>
            <roles>
              <role>SellsideAnalyst</role>
            </roles>
            <status>Confirmed</status>
          </participant>
          <participant>
            <person>
              <firstName>Shanelle</firstName>
              <lastName>Trinidad</lastName>
              <email>Broker2@email.com</email>
              
              <title>Research Sales</title>
            </person>
            <roles>
              <role>SellsideSales</role>
            </roles>
            <status>Confirmed</status>
          </participant>
        </brokerParticipants>
        <investorParticipants>
          <participant>
            <person>
              <firstName>Ken</firstName>
              <lastName>Chang</lastName>
              <email>investor@email.com</email>
              
              <title />
            </person>
            <roles>
              <role>PortfolioManager</role>
            </roles>
            <status>Attended</status>
          </participant>
        </investorParticipants>
		<thirdPartyParticipants>
          <participant>
            <person>
              <firstName>Ken1</firstName>
              <lastName>Chang1</lastName>
              
              <title>experttitle</title>
              
              <title />
            </person>
            <roles>
              <role>IndustryExpert</role>
            </roles>
            <status>Attended</status>
          </participant>
        </thirdPartyParticipants>
      </interaction>
	    <interaction>
        <parentID>000025320</parentID>
		<interactionID>000025320</interactionID>
        <interactionType>DealRoadshow</interactionType>
        <interactionSubType>1x1</interactionSubType>
        <interactionTitle>Missing Company Participant element (DealRoadshow)</interactionTitle>
        <start>2016-07-28</start>
        <startTime>
          <datetime>2016-07-28T12:00:00-04:00</datetime>
          <timezone>US/Eastern</timezone>
        </startTime>
        <end>2016-07-31</end>
        <endTime>
          <datetime>2016-07-31T12:05:00-04:00</datetime>
          <timezone>US/Eastern</timezone>
        </endTime>
        
          <originatingRegion>North America</originatingRegion>
        
       <sectors><sector>45</sector></sectors>
        <location>
          <address>
            <type>Offsite</type>
            <city>New York</city>
          </address>
        </location>
        <companies>
          <company>
            <companyName>Corning Inc</companyName>
            <isPublic>true</isPublic>
            <identifiers>
              <identifier type="Ticker">GLW</identifier>
            </identifiers>
          </company>
        </companies>
        <brokerParticipants>
          <participant>
            <person>
              <firstName>George</firstName>
              <lastName>Notter</lastName>
              <email>Broker@email.com</email>
              <email>Broker@email.com</email>
              
              <title>Analyst</title>
            </person>
            <roles>
              <role>SellsideAnalyst</role>
            </roles>
            <status>Confirmed</status>
          </participant>
          <participant>
            <person>
              <firstName>Shanelle</firstName>
              <lastName>Trinidad</lastName>
              <email>Broker2@email.com</email>
              
              <title>Research Sales</title>
            </person>
            <roles>
              <role>SellsideSales</role>
            </roles>
            <status>Confirmed</status>
          </participant>
        </brokerParticipants>
        <investorParticipants>
          <participant>
            <person>
              <firstName>Ken</firstName>
              <lastName>Chang</lastName>
              <email>investor@email.com</email>
              
              <title />
            </person>
            <roles>
              <role>PortfolioManager</role>
            </roles>
            <status>Attended</status>
          </participant>
        </investorParticipants>
		<thirdPartyParticipants>
          <participant>
            <person>
              <firstName>Ken1</firstName>
              <lastName>Chang1</lastName>
              
              <title>experttitle</title>
              
              <title />
            </person>
            <roles>
              <role>IndustryExpert</role>
            </roles>
            <status>Attended</status>
          </participant>
        </thirdPartyParticipants>
      </interaction>
	    <interaction>
        <parentID>000025319</parentID>
		<interactionID>000025319</interactionID>
        <interactionType>CorporateBroking</interactionType>
        <interactionSubType>1x1</interactionSubType>
        <interactionTitle>Missing Company Participant element (CorporateBroking)</interactionTitle>
        <start>2016-07-28</start>
        <startTime>
          <datetime>2016-07-28T12:00:00-04:00</datetime>
          <timezone>US/Eastern</timezone>
        </startTime>
        <end>2016-07-31</end>
        <endTime>
          <datetime>2016-07-31T12:05:00-04:00</datetime>
          <timezone>US/Eastern</timezone>
        </endTime>
        
          <originatingRegion>North America</originatingRegion>
        
       <sectors><sector>45</sector></sectors>
        <location>
          <address>
            <type>Offsite</type>
            <city>New York</city>
          </address>
        </location>
        <companies>
          <company>
            <companyName>Corning Inc</companyName>
            <isPublic>true</isPublic>
            <identifiers>
              <identifier type="Ticker">GLW</identifier>
            </identifiers>
          </company>
        </companies>
        <brokerParticipants>
          <participant>
            <person>
              <firstName>George</firstName>
              <lastName>Notter</lastName>
              <email>Broker@email.com</email>
              <email>Broker@email.com</email>
              
              <title>Analyst</title>
            </person>
            <roles>
              <role>SellsideAnalyst</role>
            </roles>
            <status>Confirmed</status>
          </participant>
          <participant>
            <person>
              <firstName>Shanelle</firstName>
              <lastName>Trinidad</lastName>
              <email>Broker2@email.com</email>
              
              <title>Research Sales</title>
            </person>
            <roles>
              <role>SellsideSales</role>
            </roles>
            <status>Confirmed</status>
          </participant>
        </brokerParticipants>
        <investorParticipants>
          <participant>
            <person>
              <firstName>Ken</firstName>
              <lastName>Chang</lastName>
              <email>investor@email.com</email>
              
              <title />
            </person>
            <roles>
              <role>PortfolioManager</role>
            </roles>
            <status>Attended</status>
          </participant>
        </investorParticipants>
		<thirdPartyParticipants>
          <participant>
            <person>
              <firstName>Ken1</firstName>
              <lastName>Chang1</lastName>
              
              <title>experttitle</title>
              
              <title />
            </person>
            <roles>
              <role>IndustryExpert</role>
            </roles>
            <status>Attended</status>
          </participant>
        </thirdPartyParticipants>
      </interaction>
	    <interaction>
        <parentID>000025318</parentID>
		<interactionID>000025318</interactionID>
        <interactionType>FieldTrip</interactionType>
        <interactionSubType>1x1</interactionSubType>
        <interactionTitle>Missing Company Participant element (FieldTrip)</interactionTitle>
        <start>2016-07-28</start>
        <startTime>
          <datetime>2016-07-28T12:00:00-04:00</datetime>
          <timezone>US/Eastern</timezone>
        </startTime>
        <end>2016-07-31</end>
        <endTime>
          <datetime>2016-07-31T12:05:00-04:00</datetime>
          <timezone>US/Eastern</timezone>
        </endTime>
        
          <originatingRegion>North America</originatingRegion>
        
       <sectors><sector>45</sector></sectors>
        <location>
          <address>
            <type>Offsite</type>
            <city>New York</city>
          </address>
        </location>
        <companies>
          <company>
            <companyName>Corning Inc</companyName>
            <isPublic>true</isPublic>
            <identifiers>
              <identifier type="Ticker">GLW</identifier>
            </identifiers>
          </company>
        </companies>
        <brokerParticipants>
          <participant>
            <person>
              <firstName>George</firstName>
              <lastName>Notter</lastName>
              <email>Broker@email.com</email>
              <email>Broker@email.com</email>
              
              <title>Analyst</title>
            </person>
            <roles>
              <role>SellsideAnalyst</role>
            </roles>
            <status>Confirmed</status>
          </participant>
          <participant>
            <person>
              <firstName>Shanelle</firstName>
              <lastName>Trinidad</lastName>
              <email>Broker2@email.com</email>
              
              <title>Research Sales</title>
            </person>
            <roles>
              <role>SellsideSales</role>
            </roles>
            <status>Confirmed</status>
          </participant>
        </brokerParticipants>
        <investorParticipants>
          <participant>
            <person>
              <firstName>Ken</firstName>
              <lastName>Chang</lastName>
              <email>investor@email.com</email>
              
              <title />
            </person>
            <roles>
              <role>PortfolioManager</role>
            </roles>
            <status>Attended</status>
          </participant>
        </investorParticipants>
		<thirdPartyParticipants>
          <participant>
            <person>
              <firstName>Ken1</firstName>
              <lastName>Chang1</lastName>
              
              <title>experttitle</title>
              
              <title />
            </person>
            <roles>
              <role>IndustryExpert</role>
            </roles>
            <status>Attended</status>
          </participant>
        </thirdPartyParticipants>
      </interaction>
	    <interaction>
        <parentID>000025317</parentID>
		<interactionID>000025317</interactionID>
        <interactionType>BusTour</interactionType>
        <interactionSubType>1x1</interactionSubType>
        <interactionTitle>Missing Company Participant element (BusTour)</interactionTitle>
        <start>2016-07-28</start>
        <startTime>
          <datetime>2016-07-28T12:00:00-04:00</datetime>
          <timezone>US/Eastern</timezone>
        </startTime>
        <end>2016-07-31</end>
        <endTime>
          <datetime>2016-07-31T12:05:00-04:00</datetime>
          <timezone>US/Eastern</timezone>
        </endTime>
        
          <originatingRegion>North America</originatingRegion>
        
       <sectors><sector>45</sector></sectors>
        <location>
          <address>
            <type>Offsite</type>
            <city>New York</city>
          </address>
        </location>
        <companies>
          <company>
            <companyName>Corning Inc</companyName>
            <isPublic>true</isPublic>
            <identifiers>
              <identifier type="Ticker">GLW</identifier>
            </identifiers>
          </company>
        </companies>
        <brokerParticipants>
          <participant>
            <person>
              <firstName>George</firstName>
              <lastName>Notter</lastName>
              <email>Broker@email.com</email>
              <email>Broker@email.com</email>
              
              <title>Analyst</title>
            </person>
            <roles>
              <role>SellsideAnalyst</role>
            </roles>
            <status>Confirmed</status>
          </participant>
          <participant>
            <person>
              <firstName>Shanelle</firstName>
              <lastName>Trinidad</lastName>
              <email>Broker2@email.com</email>
              
              <title>Research Sales</title>
            </person>
            <roles>
              <role>SellsideSales</role>
            </roles>
            <status>Confirmed</status>
          </participant>
        </brokerParticipants>
        <investorParticipants>
          <participant>
            <person>
              <firstName>Ken</firstName>
              <lastName>Chang</lastName>
              <email>investor@email.com</email>
              
              <title />
            </person>
            <roles>
              <role>PortfolioManager</role>
            </roles>
            <status>Attended</status>
          </participant>
        </investorParticipants>
		<thirdPartyParticipants>
          <participant>
            <person>
              <firstName>Ken1</firstName>
              <lastName>Chang1</lastName>
              
              <title>experttitle</title>
              
              <title />
            </person>
            <roles>
              <role>IndustryExpert</role>
            </roles>
            <status>Attended</status>
          </participant>
        </thirdPartyParticipants>
      </interaction>
	    <interaction>
        <parentID>000025316</parentID>
		<interactionID>000025316</interactionID>
        <interactionType>BoothTour</interactionType>
        <interactionSubType>1x1</interactionSubType>
        <interactionTitle>Missing Company Participant element (BoothTour)</interactionTitle>
        <start>2016-07-28</start>
        <startTime>
          <datetime>2016-07-28T12:00:00-04:00</datetime>
          <timezone>US/Eastern</timezone>
        </startTime>
        <end>2016-07-31</end>
        <endTime>
          <datetime>2016-07-31T12:05:00-04:00</datetime>
          <timezone>US/Eastern</timezone>
        </endTime>
        
          <originatingRegion>North America</originatingRegion>
        
       <sectors><sector>45</sector></sectors>
        <location>
          <address>
            <type>Offsite</type>
            <city>New York</city>
          </address>
        </location>
        <companies>
          <company>
            <companyName>Corning Inc</companyName>
            <isPublic>true</isPublic>
            <identifiers>
              <identifier type="Ticker">GLW</identifier>
            </identifiers>
          </company>
        </companies>
        <brokerParticipants>
          <participant>
            <person>
              <firstName>George</firstName>
              <lastName>Notter</lastName>
              <email>Broker@email.com</email>
              <email>Broker@email.com</email>
              
              <title>Analyst</title>
            </person>
            <roles>
              <role>SellsideAnalyst</role>
            </roles>
            <status>Confirmed</status>
          </participant>
          <participant>
            <person>
              <firstName>Shanelle</firstName>
              <lastName>Trinidad</lastName>
              <email>Broker2@email.com</email>
              
              <title>Research Sales</title>
            </person>
            <roles>
              <role>SellsideSales</role>
            </roles>
            <status>Confirmed</status>
          </participant>
        </brokerParticipants>
        <investorParticipants>
          <participant>
            <person>
              <firstName>Ken</firstName>
              <lastName>Chang</lastName>
              <email>investor@email.com</email>
              
              <title />
            </person>
            <roles>
              <role>PortfolioManager</role>
            </roles>
            <status>Attended</status>
          </participant>
        </investorParticipants>
		<thirdPartyParticipants>
          <participant>
            <person>
              <firstName>Ken1</firstName>
              <lastName>Chang1</lastName>
              
              <title>experttitle</title>
              
              <title />
            </person>
            <roles>
              <role>IndustryExpert</role>
            </roles>
            <status>Attended</status>
          </participant>
        </thirdPartyParticipants>
      </interaction>
	    <interaction>
        <parentID>000025315</parentID>
		<interactionID>000025315</interactionID>
        <interactionType>IndustryExpert</interactionType>
        <interactionSubType>1x1</interactionSubType>
        <interactionTitle>Missing Company Participant element (IndustryExpert)</interactionTitle>
        <start>2016-07-28</start>
        <startTime>
          <datetime>2016-07-28T12:00:00-04:00</datetime>
          <timezone>US/Eastern</timezone>
        </startTime>
        <end>2016-07-31</end>
        <endTime>
          <datetime>2016-07-31T12:05:00-04:00</datetime>
          <timezone>US/Eastern</timezone>
        </endTime>
        
          <originatingRegion>North America</originatingRegion>
        
       <sectors><sector>45</sector></sectors>
        <location>
          <address>
            <type>Offsite</type>
            <city>New York</city>
          </address>
        </location>
        <companies>
          <company>
            <companyName>Corning Inc</companyName>
            <isPublic>true</isPublic>
            <identifiers>
              <identifier type="Ticker">GLW</identifier>
            </identifiers>
          </company>
        </companies>
        <brokerParticipants>
          <participant>
            <person>
              <firstName>George</firstName>
              <lastName>Notter</lastName>
              <email>Broker@email.com</email>
              <email>Broker@email.com</email>
              
              <title>Analyst</title>
            </person>
            <roles>
              <role>SellsideAnalyst</role>
            </roles>
            <status>Confirmed</status>
          </participant>
          <participant>
            <person>
              <firstName>Shanelle</firstName>
              <lastName>Trinidad</lastName>
              <email>Broker2@email.com</email>
              
              <title>Research Sales</title>
            </person>
            <roles>
              <role>SellsideSales</role>
            </roles>
            <status>Confirmed</status>
          </participant>
        </brokerParticipants>
        <investorParticipants>
          <participant>
            <person>
              <firstName>Ken</firstName>
              <lastName>Chang</lastName>
              <email>investor@email.com</email>
              
              <title />
            </person>
            <roles>
              <role>PortfolioManager</role>
            </roles>
            <status>Attended</status>
          </participant>
        </investorParticipants>
		<thirdPartyParticipants>
          <participant>
            <person>
              <firstName>Ken1</firstName>
              <lastName>Chang1</lastName>
              
              <title>experttitle</title>
              
              <title />
            </person>
            <roles>
              <role>IndustryExpert</role>
            </roles>
            <status>Attended</status>
          </participant>
        </thirdPartyParticipants>
      </interaction>
	    <interaction>
        <parentID>000025314</parentID>
		<interactionID>000025314</interactionID>
        <interactionType>GovernmentExpert</interactionType>
        <interactionSubType>1x1</interactionSubType>
        <interactionTitle>Missing Company Participant element (GovernmentExpert)</interactionTitle>
        <start>2016-07-28</start>
        <startTime>
          <datetime>2016-07-28T12:00:00-04:00</datetime>
          <timezone>US/Eastern</timezone>
        </startTime>
        <end>2016-07-31</end>
        <endTime>
          <datetime>2016-07-31T12:05:00-04:00</datetime>
          <timezone>US/Eastern</timezone>
        </endTime>
        
          <originatingRegion>North America</originatingRegion>
        
       <sectors><sector>45</sector></sectors>
        <location>
          <address>
            <type>Offsite</type>
            <city>New York</city>
          </address>
        </location>
        <companies>
          <company>
            <companyName>Corning Inc</companyName>
            <isPublic>true</isPublic>
            <identifiers>
              <identifier type="Ticker">GLW</identifier>
            </identifiers>
          </company>
        </companies>
        <brokerParticipants>
          <participant>
            <person>
              <firstName>George</firstName>
              <lastName>Notter</lastName>
              <email>Broker@email.com</email>
              <email>Broker@email.com</email>
              
              <title>Analyst</title>
            </person>
            <roles>
              <role>SellsideAnalyst</role>
            </roles>
            <status>Confirmed</status>
          </participant>
          <participant>
            <person>
              <firstName>Shanelle</firstName>
              <lastName>Trinidad</lastName>
              <email>Broker2@email.com</email>
              
              <title>Research Sales</title>
            </person>
            <roles>
              <role>SellsideSales</role>
            </roles>
            <status>Confirmed</status>
          </participant>
        </brokerParticipants>
        <investorParticipants>
          <participant>
            <person>
              <firstName>Ken</firstName>
              <lastName>Chang</lastName>
              <email>investor@email.com</email>
              
              <title />
            </person>
            <roles>
              <role>PortfolioManager</role>
            </roles>
            <status>Attended</status>
          </participant>
        </investorParticipants>
		<thirdPartyParticipants>
          <participant>
            <person>
              <firstName>Ken1</firstName>
              <lastName>Chang1</lastName>
              
              <title>experttitle</title>
              
              <title />
            </person>
            <roles>
              <role>IndustryExpert</role>
            </roles>
            <status>Attended</status>
          </participant>
        </thirdPartyParticipants>
      </interaction>
	    <interaction>
        <parentID>000025313</parentID>
		<interactionID>000025313</interactionID>
        <interactionType>KeyOpinionLeader</interactionType>
        <interactionSubType>1x1</interactionSubType>
        <interactionTitle>Missing Company Participant element (KeyOpinionLeader)</interactionTitle>
        <start>2016-07-28</start>
        <startTime>
          <datetime>2016-07-28T12:00:00-04:00</datetime>
          <timezone>US/Eastern</timezone>
        </startTime>
        <end>2016-07-31</end>
        <endTime>
          <datetime>2016-07-31T12:05:00-04:00</datetime>
          <timezone>US/Eastern</timezone>
        </endTime>
        
          <originatingRegion>North America</originatingRegion>
        
       <sectors><sector>45</sector></sectors>
        <location>
          <address>
            <type>Offsite</type>
            <city>New York</city>
          </address>
        </location>
        <companies>
          <company>
            <companyName>Corning Inc</companyName>
            <isPublic>true</isPublic>
            <identifiers>
              <identifier type="Ticker">GLW</identifier>
            </identifiers>
          </company>
        </companies>
        <brokerParticipants>
          <participant>
            <person>
              <firstName>George</firstName>
              <lastName>Notter</lastName>
              <email>Broker@email.com</email>
              <email>Broker@email.com</email>
              
              <title>Analyst</title>
            </person>
            <roles>
              <role>SellsideAnalyst</role>
            </roles>
            <status>Confirmed</status>
          </participant>
          <participant>
            <person>
              <firstName>Shanelle</firstName>
              <lastName>Trinidad</lastName>
              <email>Broker2@email.com</email>
              
              <title>Research Sales</title>
            </person>
            <roles>
              <role>SellsideSales</role>
            </roles>
            <status>Confirmed</status>
          </participant>
        </brokerParticipants>
        <investorParticipants>
          <participant>
            <person>
              <firstName>Ken</firstName>
              <lastName>Chang</lastName>
              <email>investor@email.com</email>
              
              <title />
            </person>
            <roles>
              <role>PortfolioManager</role>
            </roles>
            <status>Attended</status>
          </participant>
        </investorParticipants>
		<thirdPartyParticipants>
          <participant>
            <person>
              <firstName>Ken1</firstName>
              <lastName>Chang1</lastName>
              
              <title>experttitle</title>
              
              <title />
            </person>
            <roles>
              <role>IndustryExpert</role>
            </roles>
            <status>Attended</status>
          </participant>
        </thirdPartyParticipants>
      </interaction>
	    <interaction>
        <parentID>000025312</parentID>
		<interactionID>000025312</interactionID>
        <interactionType>MacroStrategist</interactionType>
        <interactionSubType>1x1</interactionSubType>
        <interactionTitle>Missing Company Participant element (MacroStrategist)</interactionTitle>
        <start>2016-07-28</start>
        <startTime>
          <datetime>2016-07-28T12:00:00-04:00</datetime>
          <timezone>US/Eastern</timezone>
        </startTime>
        <end>2016-07-31</end>
        <endTime>
          <datetime>2016-07-31T12:05:00-04:00</datetime>
          <timezone>US/Eastern</timezone>
        </endTime>
        
          <originatingRegion>North America</originatingRegion>
        
       <sectors><sector>45</sector></sectors>
        <location>
          <address>
            <type>Offsite</type>
            <city>New York</city>
          </address>
        </location>
        <companies>
          <company>
            <companyName>Corning Inc</companyName>
            <isPublic>true</isPublic>
            <identifiers>
              <identifier type="Ticker">GLW</identifier>
            </identifiers>
          </company>
        </companies>
        <brokerParticipants>
          <participant>
            <person>
              <firstName>George</firstName>
              <lastName>Notter</lastName>
              <email>Broker@email.com</email>
              <email>Broker@email.com</email>
              
              <title>Analyst</title>
            </person>
            <roles>
              <role>SellsideAnalyst</role>
            </roles>
            <status>Confirmed</status>
          </participant>
          <participant>
            <person>
              <firstName>Shanelle</firstName>
              <lastName>Trinidad</lastName>
              <email>Broker2@email.com</email>
              
              <title>Research Sales</title>
            </person>
            <roles>
              <role>SellsideSales</role>
            </roles>
            <status>Confirmed</status>
          </participant>
        </brokerParticipants>
        <investorParticipants>
          <participant>
            <person>
              <firstName>Ken</firstName>
              <lastName>Chang</lastName>
              <email>investor@email.com</email>
              
              <title />
            </person>
            <roles>
              <role>PortfolioManager</role>
            </roles>
            <status>Attended</status>
          </participant>
        </investorParticipants>
		<thirdPartyParticipants>
          <participant>
            <person>
              <firstName>Ken1</firstName>
              <lastName>Chang1</lastName>
              
              <title>experttitle</title>
              
              <title />
            </person>
            <roles>
              <role>IndustryExpert</role>
            </roles>
            <status>Attended</status>
          </participant>
        </thirdPartyParticipants>
      </interaction>
	    <interaction>
        <parentID>000025311</parentID>
		<interactionID>000025311</interactionID>
        <interactionType>BankerEvent</interactionType>
        <interactionSubType>1x1</interactionSubType>
        <interactionTitle>Missing Company Participant element (BankerEvent)</interactionTitle>
        <start>2016-07-28</start>
        <startTime>
          <datetime>2016-07-28T12:00:00-04:00</datetime>
          <timezone>US/Eastern</timezone>
        </startTime>
        <end>2016-07-31</end>
        <endTime>
          <datetime>2016-07-31T12:05:00-04:00</datetime>
          <timezone>US/Eastern</timezone>
        </endTime>
        
          <originatingRegion>North America</originatingRegion>
        
       <sectors><sector>45</sector></sectors>
        <location>
          <address>
            <type>Offsite</type>
            <city>New York</city>
          </address>
        </location>
        <companies>
          <company>
            <companyName>Corning Inc</companyName>
            <isPublic>true</isPublic>
            <identifiers>
              <identifier type="Ticker">GLW</identifier>
            </identifiers>
          </company>
        </companies>
        <brokerParticipants>
          <participant>
            <person>
              <firstName>George</firstName>
              <lastName>Notter</lastName>
              <email>Broker@email.com</email>
              <email>Broker@email.com</email>
              
              <title>Analyst</title>
            </person>
            <roles>
              <role>SellsideAnalyst</role>
            </roles>
            <status>Confirmed</status>
          </participant>
          <participant>
            <person>
              <firstName>Shanelle</firstName>
              <lastName>Trinidad</lastName>
              <email>Broker2@email.com</email>
              
              <title>Research Sales</title>
            </person>
            <roles>
              <role>SellsideSales</role>
            </roles>
            <status>Confirmed</status>
          </participant>
        </brokerParticipants>
        <investorParticipants>
          <participant>
            <person>
              <firstName>Ken</firstName>
              <lastName>Chang</lastName>
              <email>investor@email.com</email>
              
              <title />
            </person>
            <roles>
              <role>PortfolioManager</role>
            </roles>
            <status>Attended</status>
          </participant>
        </investorParticipants>
		<thirdPartyParticipants>
          <participant>
            <person>
              <firstName>Ken1</firstName>
              <lastName>Chang1</lastName>
              
              <title>experttitle</title>
              
              <title />
            </person>
            <roles>
              <role>IndustryExpert</role>
            </roles>
            <status>Attended</status>
          </participant>
        </thirdPartyParticipants>
      </interaction>
	    <interaction>
        <parentID>0000253100</parentID>
		<interactionID>0000253100</interactionID>
        <interactionType>Idea</interactionType>
        <interactionSubType>1x1</interactionSubType>
        <interactionTitle>Missing Company Participant element (Other)</interactionTitle>
        <start>2016-07-28</start>
        <startTime>
          <datetime>2016-07-28T12:00:00-04:00</datetime>
          <timezone>US/Eastern</timezone>
        </startTime>
        <end>2016-07-31</end>
        <endTime>
          <datetime>2016-07-31T12:05:00-04:00</datetime>
          <timezone>US/Eastern</timezone>
        </endTime>
        
          <originatingRegion>North America</originatingRegion>
        
       <sectors><sector>45</sector></sectors>
        <location>
          <address>
            <type>Offsite</type>
            <city>New York</city>
          </address>
        </location>
        <companies>
          <company>
            <companyName>Corning Inc</companyName>
            <isPublic>true</isPublic>
            <identifiers>
              <identifier type="Ticker">GLW</identifier>
            </identifiers>
          </company>
        </companies>
        <brokerParticipants>
          <participant>
            <person>
              <firstName>George</firstName>
              <lastName>Notter</lastName>
              <email>Broker@email.com</email>
              <email>Broker@email.com</email>
              
              <title>Analyst</title>
            </person>
            <roles>
              <role>SellsideAnalyst</role>
            </roles>
            <status>Confirmed</status>
          </participant>
          <participant>
            <person>
              <firstName>Shanelle</firstName>
              <lastName>Trinidad</lastName>
              <email>Broker2@email.com</email>
              
              <title>Research Sales</title>
            </person>
            <roles>
              <role>SellsideSales</role>
            </roles>
            <status>Confirmed</status>
          </participant>
        </brokerParticipants>
        <investorParticipants>
          <participant>
            <person>
              <firstName>Ken</firstName>
              <lastName>Chang</lastName>
              <email>investor@email.com</email>
              
              <title />
            </person>
            <roles>
              <role>PortfolioManager</role>
            </roles>
            <status>Attended</status>
          </participant>
        </investorParticipants>
		<thirdPartyParticipants>
          <participant>
            <person>
              <firstName>Ken1</firstName>
              <lastName>Chang1</lastName>
              
              <title>experttitle</title>
              
              <title />
            </person>
            <roles>
              <role>IndustryExpert</role>
            </roles>
            <status>Attended</status>
          </participant>
        </thirdPartyParticipants>
      </interaction>
	  <interaction>
        <parentID>000025310</parentID>
		<interactionID>000025310</interactionID>
        <interactionType>Other</interactionType>
        <interactionSubType>1x1</interactionSubType>
        <interactionTitle>Missing Company Participant element (Other)</interactionTitle>
        <start>2016-07-28</start>
        <startTime>
          <datetime>2016-07-28T12:00:00-04:00</datetime>
          <timezone>US/Eastern</timezone>
        </startTime>
        <end>2016-07-31</end>
        <endTime>
          <datetime>2016-07-31T12:05:00-04:00</datetime>
          <timezone>US/Eastern</timezone>
        </endTime>
        
          <originatingRegion>North America</originatingRegion>
        
       <sectors><sector>45</sector></sectors>
        <location>
          <address>
            <type>Offsite</type>
            <city>New York</city>
          </address>
        </location>
        <companies>
          <company>
            <companyName>Corning Inc</companyName>
            <isPublic>true</isPublic>
            <identifiers>
              <identifier type="Ticker">GLW</identifier>
            </identifiers>
          </company>
        </companies>
        <brokerParticipants>
          <participant>
            <person>
              <firstName>George</firstName>
              <lastName>Notter</lastName>
              <email>Broker@email.com</email>
              <email>Broker@email.com</email>
              
              <title>Analyst</title>
            </person>
            <roles>
              <role>SellsideAnalyst</role>
            </roles>
            <status>Confirmed</status>
          </participant>
          <participant>
            <person>
              <firstName>Shanelle</firstName>
              <lastName>Trinidad</lastName>
              <email>Broker2@email.com</email>
              
              <title>Research Sales</title>
            </person>
            <roles>
              <role>SellsideSales</role>
            </roles>
            <status>Confirmed</status>
          </participant>
        </brokerParticipants>
        <investorParticipants>
          <participant>
            <person>
              <firstName>Ken</firstName>
              <lastName>Chang</lastName>
              <email>investor@email.com</email>
              
              <title />
            </person>
            <roles>
              <role>PortfolioManager</role>
            </roles>
            <status>Attended</status>
          </participant>
        </investorParticipants>
		<thirdPartyParticipants>
          <participant>
            <person>
              <firstName>Ken1</firstName>
              <lastName>Chang1</lastName>
              
              <title>experttitle</title>
              
              <title />
            </person>
            <roles>
              <role>IndustryExpert</role>
            </roles>
            <status>Attended</status>
          </participant>
        </thirdPartyParticipants>
      </interaction>
	    <interaction>
        <parentID>00002539</parentID>
		<interactionID>00002539</interactionID>
        <interactionType>ClientEducation</interactionType>
        <interactionSubType>1x1</interactionSubType>
        <interactionTitle>Missing Company Participant element (ClientEducation)</interactionTitle>
        <start>2016-07-28</start>
        <startTime>
          <datetime>2016-07-28T12:00:00-04:00</datetime>
          <timezone>US/Eastern</timezone>
        </startTime>
        <end>2016-07-31</end>
        <endTime>
          <datetime>2016-07-31T12:05:00-04:00</datetime>
          <timezone>US/Eastern</timezone>
        </endTime>
        
          <originatingRegion>North America</originatingRegion>
        
       <sectors><sector>45</sector></sectors>
        <location>
          <address>
            <type>Offsite</type>
            <city>New York</city>
          </address>
        </location>
        <companies>
          <company>
            <companyName>Corning Inc</companyName>
            <isPublic>true</isPublic>
            <identifiers>
              <identifier type="Ticker">GLW</identifier>
            </identifiers>
          </company>
        </companies>
        <brokerParticipants>
          <participant>
            <person>
              <firstName>George</firstName>
              <lastName>Notter</lastName>
              <email>Broker@email.com</email>
              <email>Broker@email.com</email>
              
              <title>Analyst</title>
            </person>
            <roles>
              <role>SellsideAnalyst</role>
            </roles>
            <status>Confirmed</status>
          </participant>
          <participant>
            <person>
              <firstName>Shanelle</firstName>
              <lastName>Trinidad</lastName>
              <email>Broker2@email.com</email>
              
              <title>Research Sales</title>
            </person>
            <roles>
              <role>SellsideSales</role>
            </roles>
            <status>Confirmed</status>
          </participant>
        </brokerParticipants>
        <investorParticipants>
          <participant>
            <person>
              <firstName>Ken</firstName>
              <lastName>Chang</lastName>
              <email>investor@email.com</email>
              
              <title />
            </person>
            <roles>
              <role>PortfolioManager</role>
            </roles>
            <status>Attended</status>
          </participant>
        </investorParticipants>
		<thirdPartyParticipants>
          <participant>
            <person>
              <firstName>Ken1</firstName>
              <lastName>Chang1</lastName>
              
              <title>experttitle</title>
              
              <title />
            </person>
            <roles>
              <role>IndustryExpert</role>
            </roles>
            <status>Attended</status>
          </participant>
        </thirdPartyParticipants>
      </interaction>
	    <interaction>
        <parentID>00002538</parentID>
		<interactionID>00002538</interactionID>
        <interactionType>RelationshipMeeting</interactionType>
        <interactionSubType>1x1</interactionSubType>
        <interactionTitle>Missing Company Participant element (RelationshipMeeting)</interactionTitle>
        <start>2016-07-28</start>
        <startTime>
          <datetime>2016-07-28T12:00:00-04:00</datetime>
          <timezone>US/Eastern</timezone>
        </startTime>
        <end>2016-07-31</end>
        <endTime>
          <datetime>2016-07-31T12:05:00-04:00</datetime>
          <timezone>US/Eastern</timezone>
        </endTime>
        
          <originatingRegion>North America</originatingRegion>
        
       <sectors><sector>45</sector></sectors>
        <location>
          <address>
            <type>Offsite</type>
            <city>New York</city>
          </address>
        </location>
        <companies>
          <company>
            <companyName>Corning Inc</companyName>
            <isPublic>true</isPublic>
            <identifiers>
              <identifier type="Ticker">GLW</identifier>
            </identifiers>
          </company>
        </companies>
        <brokerParticipants>
          <participant>
            <person>
              <firstName>George</firstName>
              <lastName>Notter</lastName>
              <email>Broker@email.com</email>
              <email>Broker@email.com</email>
              
              <title>Analyst</title>
            </person>
            <roles>
              <role>SellsideAnalyst</role>
            </roles>
            <status>Confirmed</status>
          </participant>
          <participant>
            <person>
              <firstName>Shanelle</firstName>
              <lastName>Trinidad</lastName>
              <email>Broker2@email.com</email>
              
              <title>Research Sales</title>
            </person>
            <roles>
              <role>SellsideSales</role>
            </roles>
            <status>Confirmed</status>
          </participant>
        </brokerParticipants>
        <investorParticipants>
          <participant>
            <person>
              <firstName>Ken</firstName>
              <lastName>Chang</lastName>
              <email>investor@email.com</email>
              
              <title />
            </person>
            <roles>
              <role>PortfolioManager</role>
            </roles>
            <status>Attended</status>
          </participant>
        </investorParticipants>
		<thirdPartyParticipants>
          <participant>
            <person>
              <firstName>Ken1</firstName>
              <lastName>Chang1</lastName>
              
              <title>experttitle</title>
              
              <title />
            </person>
            <roles>
              <role>IndustryExpert</role>
            </roles>
            <status>Attended</status>
          </participant>
        </thirdPartyParticipants>
      </interaction>
	    <interaction>
        <parentID>00002537</parentID>
		<interactionID>00002537</interactionID>
        <interactionType>Internal</interactionType>
        <interactionSubType>1x1</interactionSubType>
        <interactionTitle>Missing Company Participant element (Internal)</interactionTitle>
        <start>2016-07-28</start>
        <startTime>
          <datetime>2016-07-28T12:00:00-04:00</datetime>
          <timezone>US/Eastern</timezone>
        </startTime>
        <end>2016-07-31</end>
        <endTime>
          <datetime>2016-07-31T12:05:00-04:00</datetime>
          <timezone>US/Eastern</timezone>
        </endTime>
        
          <originatingRegion>North America</originatingRegion>
        
       <sectors><sector>45</sector></sectors>
        <location>
          <address>
            <type>Offsite</type>
            <city>New York</city>
          </address>
        </location>
        <companies>
          <company>
            <companyName>Corning Inc</companyName>
            <isPublic>true</isPublic>
            <identifiers>
              <identifier type="Ticker">GLW</identifier>
            </identifiers>
          </company>
        </companies>
        <brokerParticipants>
          <participant>
            <person>
              <firstName>George</firstName>
              <lastName>Notter</lastName>
              <email>Broker@email.com</email>
              <email>Broker@email.com</email>
              
              <title>Analyst</title>
            </person>
            <roles>
              <role>SellsideAnalyst</role>
            </roles>
            <status>Confirmed</status>
          </participant>
          <participant>
            <person>
              <firstName>Shanelle</firstName>
              <lastName>Trinidad</lastName>
              <email>Broker2@email.com</email>
              
              <title>Research Sales</title>
            </person>
            <roles>
              <role>SellsideSales</role>
            </roles>
            <status>Confirmed</status>
          </participant>
        </brokerParticipants>
        <investorParticipants>
          <participant>
            <person>
              <firstName>Ken</firstName>
              <lastName>Chang</lastName>
              <email>investor@email.com</email>
              
              <title />
            </person>
            <roles>
              <role>PortfolioManager</role>
            </roles>
            <status>Attended</status>
          </participant>
        </investorParticipants>
		<thirdPartyParticipants>
          <participant>
            <person>
              <firstName>Ken1</firstName>
              <lastName>Chang1</lastName>
              
              <title>experttitle</title>
              
              <title />
            </person>
            <roles>
              <role>IndustryExpert</role>
            </roles>
            <status>Attended</status>
          </participant>
        </thirdPartyParticipants>
      </interaction>
	    <interaction>
        <parentID>00002536</parentID>
		<interactionID>00002536</interactionID>
        <interactionType>Social</interactionType>
        <interactionSubType>1x1</interactionSubType>
        <interactionTitle>Missing Company Participant element (Social)</interactionTitle>
        <start>2016-07-28</start>
        <startTime>
          <datetime>2016-07-28T12:00:00-04:00</datetime>
          <timezone>US/Eastern</timezone>
        </startTime>
        <end>2016-07-31</end>
        <endTime>
          <datetime>2016-07-31T12:05:00-04:00</datetime>
          <timezone>US/Eastern</timezone>
        </endTime>
        
          <originatingRegion>North America</originatingRegion>
        
       <sectors><sector>45</sector></sectors>
        <location>
          <address>
            <type>Offsite</type>
            <city>New York</city>
          </address>
        </location>
        <companies>
          <company>
            <companyName>Corning Inc</companyName>
            <isPublic>true</isPublic>
            <identifiers>
              <identifier type="Ticker">GLW</identifier>
            </identifiers>
          </company>
        </companies>
        <brokerParticipants>
          <participant>
            <person>
              <firstName>George</firstName>
              <lastName>Notter</lastName>
              <email>Broker@email.com</email>
              <email>Broker@email.com</email>
              
              <title>Analyst</title>
            </person>
            <roles>
              <role>SellsideAnalyst</role>
            </roles>
            <status>Confirmed</status>
          </participant>
          <participant>
            <person>
              <firstName>Shanelle</firstName>
              <lastName>Trinidad</lastName>
              <email>Broker2@email.com</email>
              
              <title>Research Sales</title>
            </person>
            <roles>
              <role>SellsideSales</role>
            </roles>
            <status>Confirmed</status>
          </participant>
        </brokerParticipants>
        <investorParticipants>
          <participant>
            <person>
              <firstName>Ken</firstName>
              <lastName>Chang</lastName>
              <email>investor@email.com</email>
              
              <title />
            </person>
            <roles>
              <role>PortfolioManager</role>
            </roles>
            <status>Attended</status>
          </participant>
        </investorParticipants>
		<thirdPartyParticipants>
          <participant>
            <person>
              <firstName>Ken1</firstName>
              <lastName>Chang1</lastName>
              
              <title>experttitle</title>
              
              <title />
            </person>
            <roles>
              <role>IndustryExpert</role>
            </roles>
            <status>Attended</status>
          </participant>
        </thirdPartyParticipants>
      </interaction>
	    <interaction>
        <parentID>00002535</parentID>
		<interactionID>00002535</interactionID>
        <interactionType>ModelRequest</interactionType>
        <interactionSubType>1x1</interactionSubType>
        <interactionTitle>Missing Company Participant element (ModelRequest)</interactionTitle>
        <start>2016-07-28</start>
        <startTime>
          <datetime>2016-07-28T12:00:00-04:00</datetime>
          <timezone>US/Eastern</timezone>
        </startTime>
        <end>2016-07-31</end>
        <endTime>
          <datetime>2016-07-31T12:05:00-04:00</datetime>
          <timezone>US/Eastern</timezone>
        </endTime>
        
          <originatingRegion>North America</originatingRegion>
        
       <sectors><sector>45</sector></sectors>
        <location>
          <address>
            <type>Offsite</type>
            <city>New York</city>
          </address>
        </location>
        <companies>
          <company>
            <companyName>Corning Inc</companyName>
            <isPublic>true</isPublic>
            <identifiers>
              <identifier type="Ticker">GLW</identifier>
            </identifiers>
          </company>
        </companies>
        <brokerParticipants>
          <participant>
            <person>
              <firstName>George</firstName>
              <lastName>Notter</lastName>
              <email>Broker@email.com</email>
              <email>Broker@email.com</email>
              
              <title>Analyst</title>
            </person>
            <roles>
              <role>SellsideAnalyst</role>
            </roles>
            <status>Confirmed</status>
          </participant>
          <participant>
            <person>
              <firstName>Shanelle</firstName>
              <lastName>Trinidad</lastName>
              <email>Broker2@email.com</email>
              
              <title>Research Sales</title>
            </person>
            <roles>
              <role>SellsideSales</role>
            </roles>
            <status>Confirmed</status>
          </participant>
        </brokerParticipants>
        <investorParticipants>
          <participant>
            <person>
              <firstName>Ken</firstName>
              <lastName>Chang</lastName>
              <email>investor@email.com</email>
              
              <title />
            </person>
            <roles>
              <role>PortfolioManager</role>
            </roles>
            <status>Attended</status>
          </participant>
        </investorParticipants>
		<thirdPartyParticipants>
          <participant>
            <person>
              <firstName>Ken1</firstName>
              <lastName>Chang1</lastName>
              
              <title>experttitle</title>
              
              <title />
            </person>
            <roles>
              <role>IndustryExpert</role>
            </roles>
            <status>Attended</status>
          </participant>
        </thirdPartyParticipants>
      </interaction>
	    <interaction>
        <parentID>00002534</parentID>
		<interactionID>00002535</interactionID>
        <interactionType>CustomWork</interactionType>
        <interactionSubType>1x1</interactionSubType>
        <interactionTitle>Missing Company Participant element (CustomWork)</interactionTitle>
        <start>2016-07-28</start>
        <startTime>
          <datetime>2016-07-28T12:00:00-04:00</datetime>
          <timezone>US/Eastern</timezone>
        </startTime>
        <end>2016-07-31</end>
        <endTime>
          <datetime>2016-07-31T12:05:00-04:00</datetime>
          <timezone>US/Eastern</timezone>
        </endTime>
        
          <originatingRegion>North America</originatingRegion>
        
       <sectors><sector>45</sector></sectors>
        <location>
          <address>
            <type>Offsite</type>
            <city>New York</city>
          </address>
        </location>
        <companies>
          <company>
            <companyName>Corning Inc</companyName>
            <isPublic>true</isPublic>
            <identifiers>
              <identifier type="Ticker">GLW</identifier>
            </identifiers>
          </company>
        </companies>
        <brokerParticipants>
          <participant>
            <person>
              <firstName>George</firstName>
              <lastName>Notter</lastName>
              <email>Broker@email.com</email>
              <email>Broker@email.com</email>
              
              <title>Analyst</title>
            </person>
            <roles>
              <role>SellsideAnalyst</role>
            </roles>
            <status>Confirmed</status>
          </participant>
          <participant>
            <person>
              <firstName>Shanelle</firstName>
              <lastName>Trinidad</lastName>
              <email>Broker2@email.com</email>
              
              <title>Research Sales</title>
            </person>
            <roles>
              <role>SellsideSales</role>
            </roles>
            <status>Confirmed</status>
          </participant>
        </brokerParticipants>
        <investorParticipants>
          <participant>
            <person>
              <firstName>Ken</firstName>
              <lastName>Chang</lastName>
              <email>investor@email.com</email>
              
              <title />
            </person>
            <roles>
              <role>PortfolioManager</role>
            </roles>
            <status>Attended</status>
          </participant>
        </investorParticipants>
		<thirdPartyParticipants>
          <participant>
            <person>
              <firstName>Ken1</firstName>
              <lastName>Chang1</lastName>
              
              <title>experttitle</title>
              
              <title />
            </person>
            <roles>
              <role>IndustryExpert</role>
            </roles>
            <status>Attended</status>
          </participant>
        </thirdPartyParticipants>
      </interaction>
	    <interaction>
        <parentID>00002533</parentID>
		<interactionID>00002533</interactionID>
        <interactionType>BespokeAccess</interactionType>
        <interactionSubType>1x1</interactionSubType>
        <interactionTitle>Missing Company Participant element (BespokeAccess)</interactionTitle>
        <start>2016-07-28</start>
        <startTime>
          <datetime>2016-07-28T12:00:00-04:00</datetime>
          <timezone>US/Eastern</timezone>
        </startTime>
        <end>2016-07-31</end>
        <endTime>
          <datetime>2016-07-31T12:05:00-04:00</datetime>
          <timezone>US/Eastern</timezone>
        </endTime>
        
          <originatingRegion>North America</originatingRegion>
        
       <sectors><sector>45</sector></sectors>
        <location>
          <address>
            <type>Offsite</type>
            <city>New York</city>
          </address>
        </location>
        <companies>
          <company>
            <companyName>Corning Inc</companyName>
            <isPublic>true</isPublic>
            <identifiers>
              <identifier type="Ticker">GLW</identifier>
            </identifiers>
          </company>
        </companies>
        <brokerParticipants>
          <participant>
            <person>
              <firstName>George</firstName>
              <lastName>Notter</lastName>
              <email>Broker@email.com</email>
              <email>Broker@email.com</email>
              
              <title>Analyst</title>
            </person>
            <roles>
              <role>SellsideAnalyst</role>
            </roles>
            <status>Confirmed</status>
          </participant>
          <participant>
            <person>
              <firstName>Shanelle</firstName>
              <lastName>Trinidad</lastName>
              <email>Broker2@email.com</email>
              
              <title>Research Sales</title>
            </person>
            <roles>
              <role>SellsideSales</role>
            </roles>
            <status>Confirmed</status>
          </participant>
        </brokerParticipants>
        <investorParticipants>
          <participant>
            <person>
              <firstName>Ken</firstName>
              <lastName>Chang</lastName>
              <email>investor@email.com</email>
              
              <title />
            </person>
            <roles>
              <role>PortfolioManager</role>
            </roles>
            <status>Attended</status>
          </participant>
        </investorParticipants>
		<thirdPartyParticipants>
          <participant>
            <person>
              <firstName>Ken1</firstName>
              <lastName>Chang1</lastName>
              
              <title>experttitle</title>
              
              <title />
            </person>
            <roles>
              <role>IndustryExpert</role>
            </roles>
            <status>Attended</status>
          </participant>
        </thirdPartyParticipants>
      </interaction>
	    <interaction>
        <parentID>00002532</parentID>
		<interactionID>00002532</interactionID>
        <interactionType>SalesSpecialist</interactionType>
        <interactionSubType>1x1</interactionSubType>
        <interactionTitle>Missing Company Participant element (SalesSpecialist)</interactionTitle>
        <start>2016-07-28</start>
        <startTime>
          <datetime>2016-07-28T12:00:00-04:00</datetime>
          <timezone>US/Eastern</timezone>
        </startTime>
        <end>2016-07-31</end>
        <endTime>
          <datetime>2016-07-31T12:05:00-04:00</datetime>
          <timezone>US/Eastern</timezone>
        </endTime>
        
          <originatingRegion>North America</originatingRegion>
        
       <sectors><sector>45</sector></sectors>
        <location>
          <address>
            <type>Offsite</type>
            <city>New York</city>
          </address>
        </location>
        <companies>
          <company>
            <companyName>Corning Inc</companyName>
            <isPublic>true</isPublic>
            <identifiers>
              <identifier type="Ticker">GLW</identifier>
            </identifiers>
          </company>
        </companies>
        <brokerParticipants>
          <participant>
            <person>
              <firstName>George</firstName>
              <lastName>Notter</lastName>
              <email>Broker@email.com</email>
              <email>Broker@email.com</email>
              
              <title>Analyst</title>
            </person>
            <roles>
              <role>SellsideAnalyst</role>
            </roles>
            <status>Confirmed</status>
          </participant>
          <participant>
            <person>
              <firstName>Shanelle</firstName>
              <lastName>Trinidad</lastName>
              <email>Broker2@email.com</email>
              
              <title>Research Sales</title>
            </person>
            <roles>
              <role>SellsideSales</role>
            </roles>
            <status>Confirmed</status>
          </participant>
        </brokerParticipants>
        <investorParticipants>
          <participant>
            <person>
              <firstName>Ken</firstName>
              <lastName>Chang</lastName>
              <email>investor@email.com</email>
              
              <title />
            </person>
            <roles>
              <role>PortfolioManager</role>
            </roles>
            <status>Attended</status>
          </participant>
        </investorParticipants>
		<thirdPartyParticipants>
          <participant>
            <person>
              <firstName>Ken1</firstName>
              <lastName>Chang1</lastName>
              
              <title>experttitle</title>
              
              <title />
            </person>
            <roles>
              <role>IndustryExpert</role>
            </roles>
            <status>Attended</status>
          </participant>
        </thirdPartyParticipants>
      </interaction>
	    <interaction>
        <parentID>0000253131</parentID>
		<interactionID>0000253131</interactionID>
        <interactionType>Sales</interactionType>
        <interactionSubType>1x1</interactionSubType>
        <interactionTitle>Missing Company Participant element (Sales)</interactionTitle>
        <start>2016-07-28</start>
        <startTime>
          <datetime>2016-07-28T12:00:00-04:00</datetime>
          <timezone>US/Eastern</timezone>
        </startTime>
        <end>2016-07-31</end>
        <endTime>
          <datetime>2016-07-31T12:05:00-04:00</datetime>
          <timezone>US/Eastern</timezone>
        </endTime>
        
          <originatingRegion>North America</originatingRegion>
        
       <sectors><sector>45</sector></sectors>
        <location>
          <address>
            <type>Offsite</type>
            <city>New York</city>
          </address>
        </location>
        <companies>
          <company>
            <companyName>Corning Inc</companyName>
            <isPublic>true</isPublic>
            <identifiers>
              <identifier type="Ticker">GLW</identifier>
            </identifiers>
          </company>
        </companies>
        <brokerParticipants>
          <participant>
            <person>
              <firstName>George</firstName>
              <lastName>Notter</lastName>
              <email>Broker@email.com</email>
              <email>Broker@email.com</email>
              
              <title>Analyst</title>
            </person>
            <roles>
              <role>SellsideAnalyst</role>
            </roles>
            <status>Confirmed</status>
          </participant>
          <participant>
            <person>
              <firstName>Shanelle</firstName>
              <lastName>Trinidad</lastName>
              <email>Broker2@email.com</email>
              
              <title>Research Sales</title>
            </person>
            <roles>
              <role>SellsideSales</role>
            </roles>
            <status>Confirmed</status>
          </participant>
        </brokerParticipants>
        <investorParticipants>
          <participant>
            <person>
              <firstName>Ken</firstName>
              <lastName>Chang</lastName>
              <email>investor@email.com</email>
              
              <title />
            </person>
            <roles>
              <role>PortfolioManager</role>
            </roles>
            <status>Attended</status>
          </participant>
        </investorParticipants>
		<thirdPartyParticipants>
          <participant>
            <person>
              <firstName>Ken1</firstName>
              <lastName>Chang1</lastName>
              
              <title>experttitle</title>
              
              <title />
            </person>
            <roles>
              <role>IndustryExpert</role>
            </roles>
            <status>Attended</status>
          </participant>
        </thirdPartyParticipants>
      </interaction>
	  </investor>
  </interactions>
</clientinteraction>