<?xml version="1.0" encoding="utf-8"?>
<clientinteraction xmlns:xsd="http://www.w3.org/2001/XMLSchema" xmlns:xsi="http://www.w3.org/2001/XMLSchema-instance" xmlns="http://oneaccess.io/corporateaccess/clientinteraction/2.1.1">
  <updated>
    <datetime>2016-05-09T16:43:49.3823692Z</datetime>
    <timezone>Etc/UTC</timezone>
  </updated>
  <broker>HIGH TEST KATE</broker>
  <interactions>
    <investor>
      <investorName>KATE 02_12</investorName>
      <interaction>
        <parentID>010025130</parentID>
		<interactionID>010025130</interactionID>
        <interactionType>AnalystMarketing</interactionType>
        <interactionSubType>1x1</interactionSubType>
        <interactionTitle>Missing Investor(AnalystMarketing)</interactionTitle>
        <start>2016-07-28</start>
        <startTime>
          <datetime>2016-07-28T12:00:00-04:00</datetime>
          <timezone>US/Eastern</timezone>
        </startTime>
        <end>2016-07-31</end>
        <endTime>
          <datetime>2016-07-31T12:05:00-04:00</datetime>
          <timezone>US/Eastern</timezone>
        </endTime>
          <originatingRegion>North America</originatingRegion>
       <sectors>
	   <sector>45</sector>
	   </sectors>
        <location>
          <address>
            <type>Offsite</type>
            <city>New York</city>
          </address>
        </location>
        <companies>
          <company>
            <companyName>Corning Inc</companyName>
            <isPublic>true</isPublic>
            <identifiers>
              <identifier type="Ticker">GLW</identifier>
            </identifiers>
			<companyParticipants>
              <participant>
                <person>
                  <firstName>Sergei</firstName>
                  <lastName>Brin</lastName> 
                  <email>CompanyPersonemail@email.com</email>
                  <phone>322223</phone>
                  <title>some title</title>
                </person>
                <roles>
                  <role>HeadOfBusiness</role>
                </roles>
                <status>Confirmed</status>
              </participant>
			  </companyParticipants>
          </company>
        </companies>
        <brokerParticipants>
          <participant>
            <person>
              <firstName>George</firstName>
              <lastName>Notter</lastName>
              <email>Broker@email.com</email>
              <email>Broker@email.com</email>
              <title>Analyst</title>
            </person>
            <roles>
              <role>SellsideAnalyst</role>
            </roles>
            <status>Confirmed</status>
          </participant>
          <participant>
            <person>
              <firstName>Shanelle</firstName>
              <lastName>Trinidad</lastName>
              <email>Broker2@email.com</email>
              <title>Research Sales</title>
            </person>
            <roles>
              <role>SellsideSales</role>
            </roles>
            <status>Confirmed</status>
          </participant>
        </brokerParticipants>
		<thirdPartyParticipants>
          <participant>
            <person>
              <firstName>Ken1</firstName>
              <lastName>Chang1</lastName>
              <title>experttitle</title>
              <title />
            </person>
            <roles>
              <role>IndustryExpert</role>
            </roles>
            <status>Attended</status>
          </participant>
        </thirdPartyParticipants>
      </interaction>
       <interaction>
        <parentID>010025129</parentID>
		<interactionID>010025129</interactionID>
        <interactionType>Conference</interactionType>
        <interactionSubType>1x1</interactionSubType>
        <interactionTitle>Missing Investor(Conference)</interactionTitle>
        <start>2016-07-28</start>
        <startTime>
          <datetime>2016-07-28T12:00:00-04:00</datetime>
          <timezone>US/Eastern</timezone>
        </startTime>
        <end>2016-07-31</end>
        <endTime>
          <datetime>2016-07-31T12:05:00-04:00</datetime>
          <timezone>US/Eastern</timezone>
        </endTime>
          <originatingRegion>North America</originatingRegion>
       <sectors><sector>45</sector></sectors>
        <location>
          <address>
            <type>Offsite</type>
            <city>New York</city>
          </address>
        </location>
        <companies>
          <company>
            <companyName>Corning Inc</companyName>
            <isPublic>true</isPublic>
            <identifiers>
              <identifier type="Ticker">GLW</identifier>
            </identifiers>
			<companyParticipants>
              <participant>
                <person>
                  <firstName>Sergei</firstName>
                  <lastName>Brin</lastName> 
                  <email>CompanyPersonemail@email.com</email>
                  <phone>322223</phone>
                  <title>some title</title>
                </person>
                <roles>
                  <role>HeadOfBusiness</role>
                </roles>
                <status>Confirmed</status>
              </participant>
			  </companyParticipants>
          </company>
        </companies>
        <brokerParticipants>
          <participant>
            <person>
              <firstName>George</firstName>
              <lastName>Notter</lastName>
              <email>Broker@email.com</email>
              <email>Broker@email.com</email>
              <title>Analyst</title>
            </person>
            <roles>
              <role>SellsideAnalyst</role>
            </roles>
            <status>Confirmed</status>
          </participant>
          <participant>
            <person>
              <firstName>Shanelle</firstName>
              <lastName>Trinidad</lastName>
              <email>Broker2@email.com</email>
              <title>Research Sales</title>
            </person>
            <roles>
              <role>SellsideSales</role>
            </roles>
            <status>Confirmed</status>
          </participant>
        </brokerParticipants>
		<thirdPartyParticipants>
          <participant>
            <person>
              <firstName>Ken1</firstName>
              <lastName>Chang1</lastName>
              <title>experttitle</title>
              <title />
            </person>
            <roles>
              <role>IndustryExpert</role>
            </roles>
            <status>Attended</status>
          </participant>
        </thirdPartyParticipants>
      </interaction>
	    <interaction>
        <parentID>010025128</parentID>
		<interactionID>010025128</interactionID>
        <interactionType>CorporateAccessDay</interactionType>
        <interactionSubType>1x1</interactionSubType>
        <interactionTitle>Missing Investor(CorporateAccessDay)</interactionTitle>
        <start>2016-07-28</start>
        <startTime>
          <datetime>2016-07-28T12:00:00-04:00</datetime>
          <timezone>US/Eastern</timezone>
        </startTime>
        <end>2016-07-31</end>
        <endTime>
          <datetime>2016-07-31T12:05:00-04:00</datetime>
          <timezone>US/Eastern</timezone>
        </endTime>
          <originatingRegion>North America</originatingRegion>
       <sectors><sector>45</sector></sectors>
        <location>
          <address>
            <type>Offsite</type>
            <city>New York</city>
          </address>
        </location>
        <companies>
          <company>
            <companyName>Corning Inc</companyName>
            <isPublic>true</isPublic>
            <identifiers>
              <identifier type="Ticker">GLW</identifier>
            </identifiers>
			<companyParticipants>
              <participant>
                <person>
                  <firstName>Sergei</firstName>
                  <lastName>Brin</lastName> 
                  <email>CompanyPersonemail@email.com</email>
                  <phone>322223</phone>
                  <title>some title</title>
                </person>
                <roles>
                  <role>HeadOfBusiness</role>
                </roles>
                <status>Confirmed</status>
              </participant>
			  </companyParticipants>
          </company>
        </companies>
        <brokerParticipants>
          <participant>
            <person>
              <firstName>George</firstName>
              <lastName>Notter</lastName>
              <email>Broker@email.com</email>
              <email>Broker@email.com</email>
              <title>Analyst</title>
            </person>
            <roles>
              <role>SellsideAnalyst</role>
            </roles>
            <status>Confirmed</status>
          </participant>
          <participant>
            <person>
              <firstName>Shanelle</firstName>
              <lastName>Trinidad</lastName>
              <email>Broker2@email.com</email>
              <title>Research Sales</title>
            </person>
            <roles>
              <role>SellsideSales</role>
            </roles>
            <status>Confirmed</status>
          </participant>
        </brokerParticipants>
		<thirdPartyParticipants>
          <participant>
            <person>
              <firstName>Ken1</firstName>
              <lastName>Chang1</lastName>
              <title>experttitle</title>
              <title />
            </person>
            <roles>
              <role>IndustryExpert</role>
            </roles>
            <status>Attended</status>
          </participant>
        </thirdPartyParticipants>
      </interaction>
	    <interaction>
        <parentID>010025127</parentID>
		<interactionID>010025127</interactionID>
        <interactionType>InvestorRelationsDay</interactionType>
        <interactionSubType>1x1</interactionSubType>
        <interactionTitle>Missing Investor(InvestorRelationsDay)</interactionTitle>
        <start>2016-07-28</start>
        <startTime>
          <datetime>2016-07-28T12:00:00-04:00</datetime>
          <timezone>US/Eastern</timezone>
        </startTime>
        <end>2016-07-31</end>
        <endTime>
          <datetime>2016-07-31T12:05:00-04:00</datetime>
          <timezone>US/Eastern</timezone>
        </endTime>
          <originatingRegion>North America</originatingRegion>
       <sectors><sector>45</sector></sectors>
        <location>
          <address>
            <type>Offsite</type>
            <city>New York</city>
          </address>
        </location>
        <companies>
          <company>
            <companyName>Corning Inc</companyName>
            <isPublic>true</isPublic>
            <identifiers>
              <identifier type="Ticker">GLW</identifier>
            </identifiers>
			<companyParticipants>
              <participant>
                <person>
                  <firstName>Sergei</firstName>
                  <lastName>Brin</lastName> 
                  <email>CompanyPersonemail@email.com</email>
                  <phone>322223</phone>
                  <title>some title</title>
                </person>
                <roles>
                  <role>HeadOfBusiness</role>
                </roles>
                <status>Confirmed</status>
              </participant>
			  </companyParticipants>
          </company>
        </companies>
        <brokerParticipants>
          <participant>
            <person>
              <firstName>George</firstName>
              <lastName>Notter</lastName>
              <email>Broker@email.com</email>
              <email>Broker@email.com</email>
              <title>Analyst</title>
            </person>
            <roles>
              <role>SellsideAnalyst</role>
            </roles>
            <status>Confirmed</status>
          </participant>
          <participant>
            <person>
              <firstName>Shanelle</firstName>
              <lastName>Trinidad</lastName>
              <email>Broker2@email.com</email>
              <title>Research Sales</title>
            </person>
            <roles>
              <role>SellsideSales</role>
            </roles>
            <status>Confirmed</status>
          </participant>
        </brokerParticipants>
		<thirdPartyParticipants>
          <participant>
            <person>
              <firstName>Ken1</firstName>
              <lastName>Chang1</lastName>
              <title>experttitle</title>
              <title />
            </person>
            <roles>
              <role>IndustryExpert</role>
            </roles>
            <status>Attended</status>
          </participant>
        </thirdPartyParticipants>
      </interaction>
	    <interaction>
        <parentID>010025126</parentID>
		<interactionID>010025126</interactionID>
        <interactionType>AnalystDay</interactionType>
        <interactionSubType>1x1</interactionSubType>
        <interactionTitle>Missing Investor(AnalystDay)</interactionTitle>
        <start>2016-07-28</start>
        <startTime>
          <datetime>2016-07-28T12:00:00-04:00</datetime>
          <timezone>US/Eastern</timezone>
        </startTime>
        <end>2016-07-31</end>
        <endTime>
          <datetime>2016-07-31T12:05:00-04:00</datetime>
          <timezone>US/Eastern</timezone>
        </endTime>
          <originatingRegion>North America</originatingRegion>
       <sectors><sector>45</sector></sectors>
        <location>
          <address>
            <type>Offsite</type>
            <city>New York</city>
          </address>
        </location>
        <companies>
          <company>
            <companyName>Corning Inc</companyName>
            <isPublic>true</isPublic>
            <identifiers>
              <identifier type="Ticker">GLW</identifier>
            </identifiers>
			<companyParticipants>
              <participant>
                <person>
                  <firstName>Sergei</firstName>
                  <lastName>Brin</lastName> 
                  <email>CompanyPersonemail@email.com</email>
                  <phone>322223</phone>
                  <title>some title</title>
                </person>
                <roles>
                  <role>HeadOfBusiness</role>
                </roles>
                <status>Confirmed</status>
              </participant>
			  </companyParticipants>
          </company>
        </companies>
        <brokerParticipants>
          <participant>
            <person>
              <firstName>George</firstName>
              <lastName>Notter</lastName>
              <email>Broker@email.com</email>
              <email>Broker@email.com</email>
              <title>Analyst</title>
            </person>
            <roles>
              <role>SellsideAnalyst</role>
            </roles>
            <status>Confirmed</status>
          </participant>
          <participant>
            <person>
              <firstName>Shanelle</firstName>
              <lastName>Trinidad</lastName>
              <email>Broker2@email.com</email>
              <title>Research Sales</title>
            </person>
            <roles>
              <role>SellsideSales</role>
            </roles>
            <status>Confirmed</status>
          </participant>
        </brokerParticipants>
		<thirdPartyParticipants>
          <participant>
            <person>
              <firstName>Ken1</firstName>
              <lastName>Chang1</lastName>
              <title>experttitle</title>
              <title />
            </person>
            <roles>
              <role>IndustryExpert</role>
            </roles>
            <status>Attended</status>
          </participant>
        </thirdPartyParticipants>
      </interaction>
	    <interaction>
        <parentID>010025125</parentID>
		<interactionID>010025125</interactionID>
        <interactionType>Show</interactionType>
        <interactionSubType>1x1</interactionSubType>
        <interactionTitle>Missing Investor(Show)</interactionTitle>
        <start>2016-07-28</start>
        <startTime>
          <datetime>2016-07-28T12:00:00-04:00</datetime>
          <timezone>US/Eastern</timezone>
        </startTime>
        <end>2016-07-31</end>
        <endTime>
          <datetime>2016-07-31T12:05:00-04:00</datetime>
          <timezone>US/Eastern</timezone>
        </endTime>
          <originatingRegion>North America</originatingRegion>
       <sectors><sector>45</sector></sectors>
        <location>
          <address>
            <type>Offsite</type>
            <city>New York</city>
          </address>
        </location>
        <companies>
          <company>
            <companyName>Corning Inc</companyName>
            <isPublic>true</isPublic>
            <identifiers>
              <identifier type="Ticker">GLW</identifier>
            </identifiers>
			<companyParticipants>
              <participant>
                <person>
                  <firstName>Sergei</firstName>
                  <lastName>Brin</lastName> 
                  <email>CompanyPersonemail@email.com</email>
                  <phone>322223</phone>
                  <title>some title</title>
                </person>
                <roles>
                  <role>HeadOfBusiness</role>
                </roles>
                <status>Confirmed</status>
              </participant>
			  </companyParticipants>
          </company>
        </companies>
        <brokerParticipants>
          <participant>
            <person>
              <firstName>George</firstName>
              <lastName>Notter</lastName>
              <email>Broker@email.com</email>
              <email>Broker@email.com</email>
              <title>Analyst</title>
            </person>
            <roles>
              <role>SellsideAnalyst</role>
            </roles>
            <status>Confirmed</status>
          </participant>
          <participant>
            <person>
              <firstName>Shanelle</firstName>
              <lastName>Trinidad</lastName>
              <email>Broker2@email.com</email>
              <title>Research Sales</title>
            </person>
            <roles>
              <role>SellsideSales</role>
            </roles>
            <status>Confirmed</status>
          </participant>
        </brokerParticipants>
		<thirdPartyParticipants>
          <participant>
            <person>
              <firstName>Ken1</firstName>
              <lastName>Chang1</lastName>
              <title>experttitle</title>
              <title />
            </person>
            <roles>
              <role>IndustryExpert</role>
            </roles>
            <status>Attended</status>
          </participant>
        </thirdPartyParticipants>
      </interaction>
	    <interaction>
        <parentID>010025124</parentID>
		<interactionID>010025124</interactionID>
        <interactionType>MultiCompanyEvent</interactionType>
        <interactionSubType>1x1</interactionSubType>
        <interactionTitle>Missing Investor(MultiCompanyEvent)</interactionTitle>
        <start>2016-07-28</start>
        <startTime>
          <datetime>2016-07-28T12:00:00-04:00</datetime>
          <timezone>US/Eastern</timezone>
        </startTime>
        <end>2016-07-31</end>
        <endTime>
          <datetime>2016-07-31T12:05:00-04:00</datetime>
          <timezone>US/Eastern</timezone>
        </endTime>
          <originatingRegion>North America</originatingRegion>
       <sectors><sector>45</sector></sectors>
        <location>
          <address>
            <type>Offsite</type>
            <city>New York</city>
          </address>
        </location>
        <companies>
          <company>
            <companyName>Corning Inc</companyName>
            <isPublic>true</isPublic>
            <identifiers>
              <identifier type="Ticker">GLW</identifier>
            </identifiers>
			<companyParticipants>
              <participant>
                <person>
                  <firstName>Sergei</firstName>
                  <lastName>Brin</lastName> 
                  <email>CompanyPersonemail@email.com</email>
                  <phone>322223</phone>
                  <title>some title</title>
                </person>
                <roles>
                  <role>HeadOfBusiness</role>
                </roles>
                <status>Confirmed</status>
              </participant>
			  </companyParticipants>
          </company>
        </companies>
        <brokerParticipants>
          <participant>
            <person>
              <firstName>George</firstName>
              <lastName>Notter</lastName>
              <email>Broker@email.com</email>
              <email>Broker@email.com</email>
              <title>Analyst</title>
            </person>
            <roles>
              <role>SellsideAnalyst</role>
            </roles>
            <status>Confirmed</status>
          </participant>
          <participant>
            <person>
              <firstName>Shanelle</firstName>
              <lastName>Trinidad</lastName>
              <email>Broker2@email.com</email>
              <title>Research Sales</title>
            </person>
            <roles>
              <role>SellsideSales</role>
            </roles>
            <status>Confirmed</status>
          </participant>
        </brokerParticipants>
		<thirdPartyParticipants>
          <participant>
            <person>
              <firstName>Ken1</firstName>
              <lastName>Chang1</lastName>
              <title>experttitle</title>
              <title />
            </person>
            <roles>
              <role>IndustryExpert</role>
            </roles>
            <status>Attended</status>
          </participant>
        </thirdPartyParticipants>
      </interaction>
	    <interaction>
        <parentID>010025123</parentID>
		<interactionID>010025123</interactionID>
        <interactionType>Forum</interactionType>
        <interactionSubType>1x1</interactionSubType>
        <interactionTitle>Missing Investor(Forum)</interactionTitle>
        <start>2016-07-28</start>
        <startTime>
          <datetime>2016-07-28T12:00:00-04:00</datetime>
          <timezone>US/Eastern</timezone>
        </startTime>
        <end>2016-07-31</end>
        <endTime>
          <datetime>2016-07-31T12:05:00-04:00</datetime>
          <timezone>US/Eastern</timezone>
        </endTime>
          <originatingRegion>North America</originatingRegion>
       <sectors><sector>45</sector></sectors>
        <location>
          <address>
            <type>Offsite</type>
            <city>New York</city>
          </address>
        </location>
        <companies>
          <company>
            <companyName>Corning Inc</companyName>
            <isPublic>true</isPublic>
            <identifiers>
              <identifier type="Ticker">GLW</identifier>
            </identifiers>
			<companyParticipants>
              <participant>
                <person>
                  <firstName>Sergei</firstName>
                  <lastName>Brin</lastName> 
                  <email>CompanyPersonemail@email.com</email>
                  <phone>322223</phone>
                  <title>some title</title>
                </person>
                <roles>
                  <role>HeadOfBusiness</role>
                </roles>
                <status>Confirmed</status>
              </participant>
			  </companyParticipants>
          </company>
        </companies>
        <brokerParticipants>
          <participant>
            <person>
              <firstName>George</firstName>
              <lastName>Notter</lastName>
              <email>Broker@email.com</email>
              <email>Broker@email.com</email>
              <title>Analyst</title>
            </person>
            <roles>
              <role>SellsideAnalyst</role>
            </roles>
            <status>Confirmed</status>
          </participant>
          <participant>
            <person>
              <firstName>Shanelle</firstName>
              <lastName>Trinidad</lastName>
              <email>Broker2@email.com</email>
              <title>Research Sales</title>
            </person>
            <roles>
              <role>SellsideSales</role>
            </roles>
            <status>Confirmed</status>
          </participant>
        </brokerParticipants>
		<thirdPartyParticipants>
          <participant>
            <person>
              <firstName>Ken1</firstName>
              <lastName>Chang1</lastName>
              <title>experttitle</title>
              <title />
            </person>
            <roles>
              <role>IndustryExpert</role>
            </roles>
            <status>Attended</status>
          </participant>
        </thirdPartyParticipants>
      </interaction>
	    <interaction>
        <parentID>010025122</parentID>
		<interactionID>010025122</interactionID>
        <interactionType>IndustryEvent</interactionType>
        <interactionSubType>1x1</interactionSubType>
        <interactionTitle>Missing Investor(IndustryEvent)</interactionTitle>
        <start>2016-07-28</start>
        <startTime>
          <datetime>2016-07-28T12:00:00-04:00</datetime>
          <timezone>US/Eastern</timezone>
        </startTime>
        <end>2016-07-31</end>
        <endTime>
          <datetime>2016-07-31T12:05:00-04:00</datetime>
          <timezone>US/Eastern</timezone>
        </endTime>
          <originatingRegion>North America</originatingRegion>
       <sectors><sector>45</sector></sectors>
        <location>
          <address>
            <type>Offsite</type>
            <city>New York</city>
          </address>
        </location>
        <companies>
          <company>
            <companyName>Corning Inc</companyName>
            <isPublic>true</isPublic>
            <identifiers>
              <identifier type="Ticker">GLW</identifier>
            </identifiers>
			<companyParticipants>
              <participant>
                <person>
                  <firstName>Sergei</firstName>
                  <lastName>Brin</lastName> 
                  <email>CompanyPersonemail@email.com</email>
                  <phone>322223</phone>
                  <title>some title</title>
                </person>
                <roles>
                  <role>HeadOfBusiness</role>
                </roles>
                <status>Confirmed</status>
              </participant>
			  </companyParticipants>
          </company>
        </companies>
        <brokerParticipants>
          <participant>
            <person>
              <firstName>George</firstName>
              <lastName>Notter</lastName>
              <email>Broker@email.com</email>
              <email>Broker@email.com</email>
              <title>Analyst</title>
            </person>
            <roles>
              <role>SellsideAnalyst</role>
            </roles>
            <status>Confirmed</status>
          </participant>
          <participant>
            <person>
              <firstName>Shanelle</firstName>
              <lastName>Trinidad</lastName>
              <email>Broker2@email.com</email>
              <title>Research Sales</title>
            </person>
            <roles>
              <role>SellsideSales</role>
            </roles>
            <status>Confirmed</status>
          </participant>
        </brokerParticipants>
		<thirdPartyParticipants>
          <participant>
            <person>
              <firstName>Ken1</firstName>
              <lastName>Chang1</lastName>
              <title>experttitle</title>
              <title />
            </person>
            <roles>
              <role>IndustryExpert</role>
            </roles>
            <status>Attended</status>
          </participant>
        </thirdPartyParticipants>
      </interaction>
	    <interaction>
        <parentID>010025121</parentID>
		<interactionID>010025121</interactionID>
        <interactionType>NonDealRoadshow</interactionType>
        <interactionSubType>1x1</interactionSubType>
        <interactionTitle>Missing Investor(NonDealRoadshow)</interactionTitle>
        <start>2016-07-28</start>
        <startTime>
          <datetime>2016-07-28T12:00:00-04:00</datetime>
          <timezone>US/Eastern</timezone>
        </startTime>
        <end>2016-07-31</end>
        <endTime>
          <datetime>2016-07-31T12:05:00-04:00</datetime>
          <timezone>US/Eastern</timezone>
        </endTime>
          <originatingRegion>North America</originatingRegion>
       <sectors><sector>45</sector></sectors>
        <location>
          <address>
            <type>Offsite</type>
            <city>New York</city>
          </address>
        </location>
        <companies>
          <company>
            <companyName>Corning Inc</companyName>
            <isPublic>true</isPublic>
            <identifiers>
              <identifier type="Ticker">GLW</identifier>
            </identifiers>
			<companyParticipants>
              <participant>
                <person>
                  <firstName>Sergei</firstName>
                  <lastName>Brin</lastName> 
                  <email>CompanyPersonemail@email.com</email>
                  <phone>322223</phone>
                  <title>some title</title>
                </person>
                <roles>
                  <role>HeadOfBusiness</role>
                </roles>
                <status>Confirmed</status>
              </participant>
			  </companyParticipants>
          </company>
        </companies>
        <brokerParticipants>
          <participant>
            <person>
              <firstName>George</firstName>
              <lastName>Notter</lastName>
              <email>Broker@email.com</email>
              <email>Broker@email.com</email>
              <title>Analyst</title>
            </person>
            <roles>
              <role>SellsideAnalyst</role>
            </roles>
            <status>Confirmed</status>
          </participant>
          <participant>
            <person>
              <firstName>Shanelle</firstName>
              <lastName>Trinidad</lastName>
              <email>Broker2@email.com</email>
              <title>Research Sales</title>
            </person>
            <roles>
              <role>SellsideSales</role>
            </roles>
            <status>Confirmed</status>
          </participant>
        </brokerParticipants>
		<thirdPartyParticipants>
          <participant>
            <person>
              <firstName>Ken1</firstName>
              <lastName>Chang1</lastName>
              <title>experttitle</title>
              <title />
            </person>
            <roles>
              <role>IndustryExpert</role>
            </roles>
            <status>Attended</status>
          </participant>
        </thirdPartyParticipants>
      </interaction>
	    <interaction>
        <parentID>010025120</parentID>
		<interactionID>010025120</interactionID>
        <interactionType>DealRoadshow</interactionType>
        <interactionSubType>1x1</interactionSubType>
        <interactionTitle>Missing Investor(DealRoadshow)</interactionTitle>
        <start>2016-07-28</start>
        <startTime>
          <datetime>2016-07-28T12:00:00-04:00</datetime>
          <timezone>US/Eastern</timezone>
        </startTime>
        <end>2016-07-31</end>
        <endTime>
          <datetime>2016-07-31T12:05:00-04:00</datetime>
          <timezone>US/Eastern</timezone>
        </endTime>
          <originatingRegion>North America</originatingRegion>
       <sectors><sector>45</sector></sectors>
        <location>
          <address>
            <type>Offsite</type>
            <city>New York</city>
          </address>
        </location>
        <companies>
          <company>
            <companyName>Corning Inc</companyName>
            <isPublic>true</isPublic>
            <identifiers>
              <identifier type="Ticker">GLW</identifier>
            </identifiers>
			<companyParticipants>
              <participant>
                <person>
                  <firstName>Sergei</firstName>
                  <lastName>Brin</lastName> 
                  <email>CompanyPersonemail@email.com</email>
                  <phone>322223</phone>
                  <title>some title</title>
                </person>
                <roles>
                  <role>HeadOfBusiness</role>
                </roles>
                <status>Confirmed</status>
              </participant>
			  </companyParticipants>
          </company>
        </companies>
        <brokerParticipants>
          <participant>
            <person>
              <firstName>George</firstName>
              <lastName>Notter</lastName>
              <email>Broker@email.com</email>
              <email>Broker@email.com</email>
              <title>Analyst</title>
            </person>
            <roles>
              <role>SellsideAnalyst</role>
            </roles>
            <status>Confirmed</status>
          </participant>
          <participant>
            <person>
              <firstName>Shanelle</firstName>
              <lastName>Trinidad</lastName>
              <email>Broker2@email.com</email>
              <title>Research Sales</title>
            </person>
            <roles>
              <role>SellsideSales</role>
            </roles>
            <status>Confirmed</status>
          </participant>
        </brokerParticipants>
		<thirdPartyParticipants>
          <participant>
            <person>
              <firstName>Ken1</firstName>
              <lastName>Chang1</lastName>
              <title>experttitle</title>
              <title />
            </person>
            <roles>
              <role>IndustryExpert</role>
            </roles>
            <status>Attended</status>
          </participant>
        </thirdPartyParticipants>
      </interaction>
	    <interaction>
        <parentID>010025119</parentID>
		<interactionID>010025119</interactionID>
        <interactionType>CorporateBroking</interactionType>
        <interactionSubType>1x1</interactionSubType>
        <interactionTitle>Missing Investor(CorporateBroking)</interactionTitle>
        <start>2016-07-28</start>
        <startTime>
          <datetime>2016-07-28T12:00:00-04:00</datetime>
          <timezone>US/Eastern</timezone>
        </startTime>
        <end>2016-07-31</end>
        <endTime>
          <datetime>2016-07-31T12:05:00-04:00</datetime>
          <timezone>US/Eastern</timezone>
        </endTime>
          <originatingRegion>North America</originatingRegion>
       <sectors><sector>45</sector></sectors>
        <location>
          <address>
            <type>Offsite</type>
            <city>New York</city>
          </address>
        </location>
        <companies>
          <company>
            <companyName>Corning Inc</companyName>
            <isPublic>true</isPublic>
            <identifiers>
              <identifier type="Ticker">GLW</identifier>
            </identifiers>
			<companyParticipants>
              <participant>
                <person>
                  <firstName>Sergei</firstName>
                  <lastName>Brin</lastName> 
                  <email>CompanyPersonemail@email.com</email>
                  <phone>322223</phone>
                  <title>some title</title>
                </person>
                <roles>
                  <role>HeadOfBusiness</role>
                </roles>
                <status>Confirmed</status>
              </participant>
			  </companyParticipants>
          </company>
        </companies>
        <brokerParticipants>
          <participant>
            <person>
              <firstName>George</firstName>
              <lastName>Notter</lastName>
              <email>Broker@email.com</email>
              <email>Broker@email.com</email>
              <title>Analyst</title>
            </person>
            <roles>
              <role>SellsideAnalyst</role>
            </roles>
            <status>Confirmed</status>
          </participant>
          <participant>
            <person>
              <firstName>Shanelle</firstName>
              <lastName>Trinidad</lastName>
              <email>Broker2@email.com</email>
              <title>Research Sales</title>
            </person>
            <roles>
              <role>SellsideSales</role>
            </roles>
            <status>Confirmed</status>
          </participant>
        </brokerParticipants>
		<thirdPartyParticipants>
          <participant>
            <person>
              <firstName>Ken1</firstName>
              <lastName>Chang1</lastName>
              <title>experttitle</title>
              <title />
            </person>
            <roles>
              <role>IndustryExpert</role>
            </roles>
            <status>Attended</status>
          </participant>
        </thirdPartyParticipants>
      </interaction>
	    <interaction>
        <parentID>010025118</parentID>
		<interactionID>010025118</interactionID>
        <interactionType>FieldTrip</interactionType>
        <interactionSubType>1x1</interactionSubType>
        <interactionTitle>Missing Investor(FieldTrip)</interactionTitle>
        <start>2016-07-28</start>
        <startTime>
          <datetime>2016-07-28T12:00:00-04:00</datetime>
          <timezone>US/Eastern</timezone>
        </startTime>
        <end>2016-07-31</end>
        <endTime>
          <datetime>2016-07-31T12:05:00-04:00</datetime>
          <timezone>US/Eastern</timezone>
        </endTime>
          <originatingRegion>North America</originatingRegion>
       <sectors><sector>45</sector></sectors>
        <location>
          <address>
            <type>Offsite</type>
            <city>New York</city>
          </address>
        </location>
        <companies>
          <company>
            <companyName>Corning Inc</companyName>
            <isPublic>true</isPublic>
            <identifiers>
              <identifier type="Ticker">GLW</identifier>
            </identifiers>  
			 <companyParticipants>
              <participant>
                <person>
                  <firstName>Sergei</firstName>
                  <lastName>Brin</lastName> 
                  <email>CompanyPersonemail@email.com</email>
                  <phone>322223</phone>
                  <title>some title</title>
                </person>
                <roles>
                  <role>HeadOfBusiness</role>
                </roles>
                <status>Confirmed</status>
              </participant>
            </companyParticipants>
          </company>
        </companies>
        <brokerParticipants>
          <participant>
            <person>
              <firstName>George</firstName>
              <lastName>Notter</lastName>
              <email>Broker@email.com</email>
              <email>Broker@email.com</email>
              <title>Analyst</title>
            </person>
            <roles>
              <role>SellsideAnalyst</role>
            </roles>
            <status>Confirmed</status>
          </participant>
          <participant>
            <person>
              <firstName>Shanelle</firstName>
              <lastName>Trinidad</lastName>
              <email>Broker2@email.com</email>
              <title>Research Sales</title>
            </person>
            <roles>
              <role>SellsideSales</role>
            </roles>
            <status>Confirmed</status>
          </participant>
        </brokerParticipants>
		<thirdPartyParticipants>
          <participant>
            <person>
              <firstName>Ken1</firstName>
              <lastName>Chang1</lastName>
              <title>experttitle</title>
              <title />
            </person>
            <roles>
              <role>IndustryExpert</role>
            </roles>
            <status>Attended</status>
          </participant>
        </thirdPartyParticipants>
      </interaction>
	    <interaction>
        <parentID>010025117</parentID>
		<interactionID>010025117</interactionID>
        <interactionType>BusTour</interactionType>
        <interactionSubType>1x1</interactionSubType>
        <interactionTitle>Missing Investor(BusTour)</interactionTitle>
        <start>2016-07-28</start>
        <startTime>
          <datetime>2016-07-28T12:00:00-04:00</datetime>
          <timezone>US/Eastern</timezone>
        </startTime>
        <end>2016-07-31</end>
        <endTime>
          <datetime>2016-07-31T12:05:00-04:00</datetime>
          <timezone>US/Eastern</timezone>
        </endTime>
          <originatingRegion>North America</originatingRegion>
       <sectors><sector>45</sector></sectors>
        <location>
          <address>
            <type>Offsite</type>
            <city>New York</city>
          </address>
        </location>
        <companies>
          <company>
            <companyName>Corning Inc</companyName>
            <isPublic>true</isPublic>
            <identifiers>
              <identifier type="Ticker">GLW</identifier>
            </identifiers>
			 <companyParticipants>
              <participant>
                <person>
                  <firstName>Sergei</firstName>
                  <lastName>Brin</lastName> 
                  <email>CompanyPersonemail@email.com</email>
                  <phone>322223</phone>
                  <title>some title</title>
                </person>
                <roles>
                  <role>HeadOfBusiness</role>
                </roles>
                <status>Confirmed</status>
              </participant>
            </companyParticipants>
          </company>
        </companies>
        <brokerParticipants>
          <participant>
            <person>
              <firstName>George</firstName>
              <lastName>Notter</lastName>
              <email>Broker@email.com</email>
              <email>Broker@email.com</email>
              <title>Analyst</title>
            </person>
            <roles>
              <role>SellsideAnalyst</role>
            </roles>
            <status>Confirmed</status>
          </participant>
          <participant>
            <person>
              <firstName>Shanelle</firstName>
              <lastName>Trinidad</lastName>
              <email>Broker2@email.com</email>
              <title>Research Sales</title>
            </person>
            <roles>
              <role>SellsideSales</role>
            </roles>
            <status>Confirmed</status>
          </participant>
        </brokerParticipants>
		<thirdPartyParticipants>
          <participant>
            <person>
              <firstName>Ken1</firstName>
              <lastName>Chang1</lastName>
              <title>experttitle</title>
              <title />
            </person>
            <roles>
              <role>IndustryExpert</role>
            </roles>
            <status>Attended</status>
          </participant>
        </thirdPartyParticipants>
      </interaction>
	    <interaction>
        <parentID>010025116</parentID>
		<interactionID>010025116</interactionID>
        <interactionType>BoothTour</interactionType>
        <interactionSubType>1x1</interactionSubType>
        <interactionTitle>Missing Investor(BoothTour)</interactionTitle>
        <start>2016-07-28</start>
        <startTime>
          <datetime>2016-07-28T12:00:00-04:00</datetime>
          <timezone>US/Eastern</timezone>
        </startTime>
        <end>2016-07-31</end>
        <endTime>
          <datetime>2016-07-31T12:05:00-04:00</datetime>
          <timezone>US/Eastern</timezone>
        </endTime>
          <originatingRegion>North America</originatingRegion>
       <sectors><sector>45</sector></sectors>
        <location>
          <address>
            <type>Offsite</type>
            <city>New York</city>
          </address>
        </location>
        <companies>
          <company>
            <companyName>Corning Inc</companyName>
            <isPublic>true</isPublic>
            <identifiers>
              <identifier type="Ticker">GLW</identifier>
            </identifiers>
			<companyParticipants>
              <participant>
                <person>
                  <firstName>Sergei</firstName>
                  <lastName>Brin</lastName> 
                  <email>CompanyPersonemail@email.com</email>
                  <phone>322223</phone>
                  <title>some title</title>
                </person>
                <roles>
                  <role>HeadOfBusiness</role>
                </roles>
                <status>Confirmed</status>
              </participant>
			  </companyParticipants>
          </company>
        </companies>
        <brokerParticipants>
          <participant>
            <person>
              <firstName>George</firstName>
              <lastName>Notter</lastName>
              <email>Broker@email.com</email>
              <email>Broker@email.com</email>
              <title>Analyst</title>
            </person>
            <roles>
              <role>SellsideAnalyst</role>
            </roles>
            <status>Confirmed</status>
          </participant>
          <participant>
            <person>
              <firstName>Shanelle</firstName>
              <lastName>Trinidad</lastName>
              <email>Broker2@email.com</email>
              <title>Research Sales</title>
            </person>
            <roles>
              <role>SellsideSales</role>
            </roles>
            <status>Confirmed</status>
          </participant>
        </brokerParticipants>
		<thirdPartyParticipants>
          <participant>
            <person>
              <firstName>Ken1</firstName>
              <lastName>Chang1</lastName>
              <title>experttitle</title>
              <title />
            </person>
            <roles>
              <role>IndustryExpert</role>
            </roles>
            <status>Attended</status>
          </participant>
        </thirdPartyParticipants>
      </interaction>
	    <interaction>
        <parentID>010025115</parentID>
		<interactionID>010025115</interactionID>
        <interactionType>IndustryExpert</interactionType>
        <interactionSubType>1x1</interactionSubType>
        <interactionTitle>Missing Investor(IndustryExpert)</interactionTitle>
        <start>2016-07-28</start>
        <startTime>
          <datetime>2016-07-28T12:00:00-04:00</datetime>
          <timezone>US/Eastern</timezone>
        </startTime>
        <end>2016-07-31</end>
        <endTime>
          <datetime>2016-07-31T12:05:00-04:00</datetime>
          <timezone>US/Eastern</timezone>
        </endTime>
          <originatingRegion>North America</originatingRegion>
       <sectors><sector>45</sector></sectors>
        <location>
          <address>
            <type>Offsite</type>
            <city>New York</city>
          </address>
        </location>
        <companies>
          <company>
            <companyName>Corning Inc</companyName>
            <isPublic>true</isPublic>
            <identifiers>
              <identifier type="Ticker">GLW</identifier>
            </identifiers>
			<companyParticipants>
              <participant>
                <person>
                  <firstName>Sergei</firstName>
                  <lastName>Brin</lastName> 
                  <email>CompanyPersonemail@email.com</email>
                  <phone>322223</phone>
                  <title>some title</title>
                </person>
                <roles>
                  <role>HeadOfBusiness</role>
                </roles>
                <status>Confirmed</status>
              </participant>
			  </companyParticipants>
          </company>
        </companies>
        <brokerParticipants>
          <participant>
            <person>
              <firstName>George</firstName>
              <lastName>Notter</lastName>
              <email>Broker@email.com</email>
              <email>Broker@email.com</email>
              <title>Analyst</title>
            </person>
            <roles>
              <role>SellsideAnalyst</role>
            </roles>
            <status>Confirmed</status>
          </participant>
          <participant>
            <person>
              <firstName>Shanelle</firstName>
              <lastName>Trinidad</lastName>
              <email>Broker2@email.com</email>
              <title>Research Sales</title>
            </person>
            <roles>
              <role>SellsideSales</role>
            </roles>
            <status>Confirmed</status>
          </participant>
        </brokerParticipants>
		<thirdPartyParticipants>
          <participant>
            <person>
              <firstName>Ken1</firstName>
              <lastName>Chang1</lastName>
              <title>experttitle</title>
              <title />
            </person>
            <roles>
              <role>IndustryExpert</role>
            </roles>
            <status>Attended</status>
          </participant>
        </thirdPartyParticipants>
      </interaction>
	    <interaction>
        <parentID>010025114</parentID>
		<interactionID>010025114</interactionID>
        <interactionType>GovernmentExpert</interactionType>
        <interactionSubType>1x1</interactionSubType>
        <interactionTitle>Missing Investor(GovernmentExpert)</interactionTitle>
        <start>2016-07-28</start>
        <startTime>
          <datetime>2016-07-28T12:00:00-04:00</datetime>
          <timezone>US/Eastern</timezone>
        </startTime>
        <end>2016-07-31</end>
        <endTime>
          <datetime>2016-07-31T12:05:00-04:00</datetime>
          <timezone>US/Eastern</timezone>
        </endTime>
          <originatingRegion>North America</originatingRegion>
       <sectors><sector>45</sector></sectors>
        <location>
          <address>
            <type>Offsite</type>
            <city>New York</city>
          </address>
        </location>
        <companies>
          <company>
            <companyName>Corning Inc</companyName>
            <isPublic>true</isPublic>
            <identifiers>
              <identifier type="Ticker">GLW</identifier>
            </identifiers>
			<companyParticipants>
              <participant>
                <person>
                  <firstName>Sergei</firstName>
                  <lastName>Brin</lastName> 
                  <email>CompanyPersonemail@email.com</email>
                  <phone>322223</phone>
                  <title>some title</title>
                </person>
                <roles>
                  <role>HeadOfBusiness</role>
                </roles>
                <status>Confirmed</status>
              </participant>
			  </companyParticipants>
          </company>
        </companies>
        <brokerParticipants>
          <participant>
            <person>
              <firstName>George</firstName>
              <lastName>Notter</lastName>
              <email>Broker@email.com</email>
              <email>Broker@email.com</email>
              <title>Analyst</title>
            </person>
            <roles>
              <role>SellsideAnalyst</role>
            </roles>
            <status>Confirmed</status>
          </participant>
          <participant>
            <person>
              <firstName>Shanelle</firstName>
              <lastName>Trinidad</lastName>
              <email>Broker2@email.com</email>
              <title>Research Sales</title>
            </person>
            <roles>
              <role>SellsideSales</role>
            </roles>
            <status>Confirmed</status>
          </participant>
        </brokerParticipants>
		<thirdPartyParticipants>
          <participant>
            <person>
              <firstName>Ken1</firstName>
              <lastName>Chang1</lastName>
              <title>experttitle</title>
              <title />
            </person>
            <roles>
              <role>IndustryExpert</role>
            </roles>
            <status>Attended</status>
          </participant>
        </thirdPartyParticipants>
      </interaction>
	    <interaction>
        <parentID>010025113</parentID>
		<interactionID>010025113</interactionID>
        <interactionType>KeyOpinionLeader</interactionType>
        <interactionSubType>1x1</interactionSubType>
        <interactionTitle>Missing Investor(KeyOpinionLeader)</interactionTitle>
        <start>2016-07-28</start>
        <startTime>
          <datetime>2016-07-28T12:00:00-04:00</datetime>
          <timezone>US/Eastern</timezone>
        </startTime>
        <end>2016-07-31</end>
        <endTime>
          <datetime>2016-07-31T12:05:00-04:00</datetime>
          <timezone>US/Eastern</timezone>
        </endTime>
          <originatingRegion>North America</originatingRegion>
       <sectors><sector>45</sector></sectors>
        <location>
          <address>
            <type>Offsite</type>
            <city>New York</city>
          </address>
        </location>
        <companies>
          <company>
            <companyName>Corning Inc</companyName>
            <isPublic>true</isPublic>
            <identifiers>
              <identifier type="Ticker">GLW</identifier>
            </identifiers>
			<companyParticipants>
              <participant>
                <person>
                  <firstName>Sergei</firstName>
                  <lastName>Brin</lastName> 
                  <email>CompanyPersonemail@email.com</email>
                  <phone>322223</phone>
                  <title>some title</title>
                </person>
                <roles>
                  <role>HeadOfBusiness</role>
                </roles>
                <status>Confirmed</status>
              </participant>
			  </companyParticipants>
          </company>
        </companies>
        <brokerParticipants>
          <participant>
            <person>
              <firstName>George</firstName>
              <lastName>Notter</lastName>
              <email>Broker@email.com</email>
              <email>Broker@email.com</email>
              <title>Analyst</title>
            </person>
            <roles>
              <role>SellsideAnalyst</role>
            </roles>
            <status>Confirmed</status>
          </participant>
          <participant>
            <person>
              <firstName>Shanelle</firstName>
              <lastName>Trinidad</lastName>
              <email>Broker2@email.com</email>
              <title>Research Sales</title>
            </person>
            <roles>
              <role>SellsideSales</role>
            </roles>
            <status>Confirmed</status>
          </participant>
        </brokerParticipants>
		<thirdPartyParticipants>
          <participant>
            <person>
              <firstName>Ken1</firstName>
              <lastName>Chang1</lastName>
              <title>experttitle</title>
              <title />
            </person>
            <roles>
              <role>IndustryExpert</role>
            </roles>
            <status>Attended</status>
          </participant>
        </thirdPartyParticipants>
      </interaction>
	    <interaction>
        <parentID>010025112</parentID>
		<interactionID>010025112</interactionID>
        <interactionType>MacroStrategist</interactionType>
        <interactionSubType>1x1</interactionSubType>
        <interactionTitle>Missing Investor(MacroStrategist)</interactionTitle>
        <start>2016-07-28</start>
        <startTime>
          <datetime>2016-07-28T12:00:00-04:00</datetime>
          <timezone>US/Eastern</timezone>
        </startTime>
        <end>2016-07-31</end>
        <endTime>
          <datetime>2016-07-31T12:05:00-04:00</datetime>
          <timezone>US/Eastern</timezone>
        </endTime>
          <originatingRegion>North America</originatingRegion>
       <sectors><sector>45</sector></sectors>
        <location>
          <address>
            <type>Offsite</type>
            <city>New York</city>
          </address>
        </location>
        <companies>
          <company>
            <companyName>Corning Inc</companyName>
            <isPublic>true</isPublic>
            <identifiers>
              <identifier type="Ticker">GLW</identifier>
            </identifiers>
			<companyParticipants>
              <participant>
                <person>
                  <firstName>Sergei</firstName>
                  <lastName>Brin</lastName> 
                  <email>CompanyPersonemail@email.com</email>
                  <phone>322223</phone>
                  <title>some title</title>
                </person>
                <roles>
                  <role>HeadOfBusiness</role>
                </roles>
                <status>Confirmed</status>
              </participant>
			  </companyParticipants>
          </company>
        </companies>
        <brokerParticipants>
          <participant>
            <person>
              <firstName>George</firstName>
              <lastName>Notter</lastName>
              <email>Broker@email.com</email>
              <email>Broker@email.com</email>
              <title>Analyst</title>
            </person>
            <roles>
              <role>SellsideAnalyst</role>
            </roles>
            <status>Confirmed</status>
          </participant>
          <participant>
            <person>
              <firstName>Shanelle</firstName>
              <lastName>Trinidad</lastName>
              <email>Broker2@email.com</email>
              <title>Research Sales</title>
            </person>
            <roles>
              <role>SellsideSales</role>
            </roles>
            <status>Confirmed</status>
          </participant>
        </brokerParticipants>
		<thirdPartyParticipants>
          <participant>
            <person>
              <firstName>Ken1</firstName>
              <lastName>Chang1</lastName>
              <title>experttitle</title>
              <title />
            </person>
            <roles>
              <role>IndustryExpert</role>
            </roles>
            <status>Attended</status>
          </participant>
        </thirdPartyParticipants>
      </interaction>
	    <interaction>
        <parentID>010025111</parentID>
		<interactionID>010025111</interactionID>
        <interactionType>BankerEvent</interactionType>
        <interactionSubType>1x1</interactionSubType>
        <interactionTitle>Missing Investor(BankerEvent)</interactionTitle>
        <start>2016-07-28</start>
        <startTime>
          <datetime>2016-07-28T12:00:00-04:00</datetime>
          <timezone>US/Eastern</timezone>
        </startTime>
        <end>2016-07-31</end>
        <endTime>
          <datetime>2016-07-31T12:05:00-04:00</datetime>
          <timezone>US/Eastern</timezone>
        </endTime>
          <originatingRegion>North America</originatingRegion>
       <sectors><sector>45</sector></sectors>
        <location>
          <address>
            <type>Offsite</type>
            <city>New York</city>
          </address>
        </location>
        <companies>
          <company>
            <companyName>Corning Inc</companyName>
            <isPublic>true</isPublic>
            <identifiers>
              <identifier type="Ticker">GLW</identifier>
            </identifiers>
			<companyParticipants>
              <participant>
                <person>
                  <firstName>Sergei</firstName>
                  <lastName>Brin</lastName> 
                  <email>CompanyPersonemail@email.com</email>
                  <phone>322223</phone>
                  <title>some title</title>
                </person>
                <roles>
                  <role>HeadOfBusiness</role>
                </roles>
                <status>Confirmed</status>
              </participant>
			  </companyParticipants>
          </company>
        </companies>
        <brokerParticipants>
          <participant>
            <person>
              <firstName>George</firstName>
              <lastName>Notter</lastName>
              <email>Broker@email.com</email>
              <email>Broker@email.com</email>
              <title>Analyst</title>
            </person>
            <roles>
              <role>SellsideAnalyst</role>
            </roles>
            <status>Confirmed</status>
          </participant>
          <participant>
            <person>
              <firstName>Shanelle</firstName>
              <lastName>Trinidad</lastName>
              <email>Broker2@email.com</email>
              <title>Research Sales</title>
            </person>
            <roles>
              <role>SellsideSales</role>
            </roles>
            <status>Confirmed</status>
          </participant>
        </brokerParticipants>
		<thirdPartyParticipants>
          <participant>
            <person>
              <firstName>Ken1</firstName>
              <lastName>Chang1</lastName>
              <title>experttitle</title>
              <title />
            </person>
            <roles>
              <role>IndustryExpert</role>
            </roles>
            <status>Attended</status>
          </participant>
        </thirdPartyParticipants>
      </interaction>
	    <interaction>
        <parentID>0100251100</parentID>
		<interactionID>0100251100</interactionID>
        <interactionType>Idea</interactionType>
        <interactionSubType>1x1</interactionSubType>
        <interactionTitle>Missing Investor(Other)</interactionTitle>
        <start>2016-07-28</start>
        <startTime>
          <datetime>2016-07-28T12:00:00-04:00</datetime>
          <timezone>US/Eastern</timezone>
        </startTime>
        <end>2016-07-31</end>
        <endTime>
          <datetime>2016-07-31T12:05:00-04:00</datetime>
          <timezone>US/Eastern</timezone>
        </endTime>
          <originatingRegion>North America</originatingRegion>
       <sectors><sector>45</sector></sectors>
        <location>
          <address>
            <type>Offsite</type>
            <city>New York</city>
          </address>
        </location>
        <companies>
          <company>
            <companyName>Corning Inc</companyName>
            <isPublic>true</isPublic>
            <identifiers>
              <identifier type="Ticker">GLW</identifier>
            </identifiers>
			<companyParticipants>
              <participant>
                <person>
                  <firstName>Sergei</firstName>
                  <lastName>Brin</lastName> 
                  <email>CompanyPersonemail@email.com</email>
                  <phone>322223</phone>
                  <title>some title</title>
                </person>
                <roles>
                  <role>HeadOfBusiness</role>
                </roles>
                <status>Confirmed</status>
              </participant>
			  </companyParticipants>
          </company>
        </companies>
        <brokerParticipants>
          <participant>
            <person>
              <firstName>George</firstName>
              <lastName>Notter</lastName>
              <email>Broker@email.com</email>
              <email>Broker@email.com</email>
              <title>Analyst</title>
            </person>
            <roles>
              <role>SellsideAnalyst</role>
            </roles>
            <status>Confirmed</status>
          </participant>
          <participant>
            <person>
              <firstName>Shanelle</firstName>
              <lastName>Trinidad</lastName>
              <email>Broker2@email.com</email>
              <title>Research Sales</title>
            </person>
            <roles>
              <role>SellsideSales</role>
            </roles>
            <status>Confirmed</status>
          </participant>
        </brokerParticipants>
		<thirdPartyParticipants>
          <participant>
            <person>
              <firstName>Ken1</firstName>
              <lastName>Chang1</lastName>
              <title>experttitle</title>
              <title />
            </person>
            <roles>
              <role>IndustryExpert</role>
            </roles>
            <status>Attended</status>
          </participant>
        </thirdPartyParticipants>
      </interaction>
	  <interaction>
        <parentID>010025110</parentID>
		<interactionID>010025110</interactionID>
        <interactionType>Other</interactionType>
        <interactionSubType>1x1</interactionSubType>
        <interactionTitle>Missing Investor(Other)</interactionTitle>
        <start>2016-07-28</start>
        <startTime>
          <datetime>2016-07-28T12:00:00-04:00</datetime>
          <timezone>US/Eastern</timezone>
        </startTime>
        <end>2016-07-31</end>
        <endTime>
          <datetime>2016-07-31T12:05:00-04:00</datetime>
          <timezone>US/Eastern</timezone>
        </endTime>
          <originatingRegion>North America</originatingRegion>
       <sectors><sector>45</sector></sectors>
        <location>
          <address>
            <type>Offsite</type>
            <city>New York</city>
          </address>
        </location>
        <companies>
          <company>
            <companyName>Corning Inc</companyName>
            <isPublic>true</isPublic>
            <identifiers>
              <identifier type="Ticker">GLW</identifier>
            </identifiers>
			<companyParticipants>
              <participant>
                <person>
                  <firstName>Sergei</firstName>
                  <lastName>Brin</lastName> 
                  <email>CompanyPersonemail@email.com</email>
                  <phone>322223</phone>
                  <title>some title</title>
                </person>
                <roles>
                  <role>HeadOfBusiness</role>
                </roles>
                <status>Confirmed</status>
              </participant>
			  </companyParticipants>
          </company>
        </companies>
        <brokerParticipants>
          <participant>
            <person>
              <firstName>George</firstName>
              <lastName>Notter</lastName>
              <email>Broker@email.com</email>
              <email>Broker@email.com</email>
              <title>Analyst</title>
            </person>
            <roles>
              <role>SellsideAnalyst</role>
            </roles>
            <status>Confirmed</status>
          </participant>
          <participant>
            <person>
              <firstName>Shanelle</firstName>
              <lastName>Trinidad</lastName>
              <email>Broker2@email.com</email>
              <title>Research Sales</title>
            </person>
            <roles>
              <role>SellsideSales</role>
            </roles>
            <status>Confirmed</status>
          </participant>
        </brokerParticipants>
		<thirdPartyParticipants>
          <participant>
            <person>
              <firstName>Ken1</firstName>
              <lastName>Chang1</lastName>
              <title>experttitle</title>
              <title />
            </person>
            <roles>
              <role>IndustryExpert</role>
            </roles>
            <status>Attended</status>
          </participant>
        </thirdPartyParticipants>
      </interaction>
	    <interaction>
        <parentID>01002519</parentID>
		<interactionID>01002519</interactionID>
        <interactionType>ClientEducation</interactionType>
        <interactionSubType>1x1</interactionSubType>
        <interactionTitle>Missing Investor(ClientEducation)</interactionTitle>
        <start>2016-07-28</start>
        <startTime>
          <datetime>2016-07-28T12:00:00-04:00</datetime>
          <timezone>US/Eastern</timezone>
        </startTime>
        <end>2016-07-31</end>
        <endTime>
          <datetime>2016-07-31T12:05:00-04:00</datetime>
          <timezone>US/Eastern</timezone>
        </endTime>
          <originatingRegion>North America</originatingRegion>
       <sectors><sector>45</sector></sectors>
        <location>
          <address>
            <type>Offsite</type>
            <city>New York</city>
          </address>
        </location>
        <companies>
          <company>
            <companyName>Corning Inc</companyName>
            <isPublic>true</isPublic>
            <identifiers>
              <identifier type="Ticker">GLW</identifier>
            </identifiers>
			<companyParticipants>
              <participant>
                <person>
                  <firstName>Sergei</firstName>
                  <lastName>Brin</lastName> 
                  <email>CompanyPersonemail@email.com</email>
                  <phone>322223</phone>
                  <title>some title</title>
                </person>
                <roles>
                  <role>HeadOfBusiness</role>
                </roles>
                <status>Confirmed</status>
              </participant>
			  </companyParticipants>
          </company>
        </companies>
        <brokerParticipants>
          <participant>
            <person>
              <firstName>George</firstName>
              <lastName>Notter</lastName>
              <email>Broker@email.com</email>
              <email>Broker@email.com</email>
              <title>Analyst</title>
            </person>
            <roles>
              <role>SellsideAnalyst</role>
            </roles>
            <status>Confirmed</status>
          </participant>
          <participant>
            <person>
              <firstName>Shanelle</firstName>
              <lastName>Trinidad</lastName>
              <email>Broker2@email.com</email>
              <title>Research Sales</title>
            </person>
            <roles>
              <role>SellsideSales</role>
            </roles>
            <status>Confirmed</status>
          </participant>
        </brokerParticipants>
		<thirdPartyParticipants>
          <participant>
            <person>
              <firstName>Ken1</firstName>
              <lastName>Chang1</lastName>
              <title>experttitle</title>
              <title />
            </person>
            <roles>
              <role>IndustryExpert</role>
            </roles>
            <status>Attended</status>
          </participant>
        </thirdPartyParticipants>
      </interaction>
	    <interaction>
        <parentID>01002518</parentID>
		<interactionID>01002518</interactionID>
        <interactionType>RelationshipMeeting</interactionType>
        <interactionSubType>1x1</interactionSubType>
        <interactionTitle>Missing Investor(RelationshipMeeting)</interactionTitle>
        <start>2016-07-28</start>
        <startTime>
          <datetime>2016-07-28T12:00:00-04:00</datetime>
          <timezone>US/Eastern</timezone>
        </startTime>
        <end>2016-07-31</end>
        <endTime>
          <datetime>2016-07-31T12:05:00-04:00</datetime>
          <timezone>US/Eastern</timezone>
        </endTime>
          <originatingRegion>North America</originatingRegion>
       <sectors><sector>45</sector></sectors>
        <location>
          <address>
            <type>Offsite</type>
            <city>New York</city>
          </address>
        </location>
        <companies>
          <company>
            <companyName>Corning Inc</companyName>
            <isPublic>true</isPublic>
            <identifiers>
              <identifier type="Ticker">GLW</identifier>
            </identifiers>
			<companyParticipants>
              <participant>
                <person>
                  <firstName>Sergei</firstName>
                  <lastName>Brin</lastName> 
                  <email>CompanyPersonemail@email.com</email>
                  <phone>322223</phone>
                  <title>some title</title>
                </person>
                <roles>
                  <role>HeadOfBusiness</role>
                </roles>
                <status>Confirmed</status>
              </participant>
			  </companyParticipants>
          </company>
        </companies>
        <brokerParticipants>
          <participant>
            <person>
              <firstName>George</firstName>
              <lastName>Notter</lastName>
              <email>Broker@email.com</email>
              <email>Broker@email.com</email>
              <title>Analyst</title>
            </person>
            <roles>
              <role>SellsideAnalyst</role>
            </roles>
            <status>Confirmed</status>
          </participant>
          <participant>
            <person>
              <firstName>Shanelle</firstName>
              <lastName>Trinidad</lastName>
              <email>Broker2@email.com</email>
              <title>Research Sales</title>
            </person>
            <roles>
              <role>SellsideSales</role>
            </roles>
            <status>Confirmed</status>
          </participant>
        </brokerParticipants>
		<thirdPartyParticipants>
          <participant>
            <person>
              <firstName>Ken1</firstName>
              <lastName>Chang1</lastName>
              <title>experttitle</title>
              <title />
            </person>
            <roles>
              <role>IndustryExpert</role>
            </roles>
            <status>Attended</status>
          </participant>
        </thirdPartyParticipants>
      </interaction>
	    <interaction>
        <parentID>01002517</parentID>
		<interactionID>01002517</interactionID>
        <interactionType>Internal</interactionType>
        <interactionSubType>1x1</interactionSubType>
        <interactionTitle>Missing Investor(Internal)</interactionTitle>
        <start>2016-07-28</start>
        <startTime>
          <datetime>2016-07-28T12:00:00-04:00</datetime>
          <timezone>US/Eastern</timezone>
        </startTime>
        <end>2016-07-31</end>
        <endTime>
          <datetime>2016-07-31T12:05:00-04:00</datetime>
          <timezone>US/Eastern</timezone>
        </endTime>
          <originatingRegion>North America</originatingRegion>
       <sectors><sector>45</sector></sectors>
        <location>
          <address>
            <type>Offsite</type>
            <city>New York</city>
          </address>
        </location>
        <companies>
          <company>
            <companyName>Corning Inc</companyName>
            <isPublic>true</isPublic>
            <identifiers>
              <identifier type="Ticker">GLW</identifier>
            </identifiers>
			<companyParticipants>
              <participant>
                <person>
                  <firstName>Sergei</firstName>
                  <lastName>Brin</lastName> 
                  <email>CompanyPersonemail@email.com</email>
                  <phone>322223</phone>
                  <title>some title</title>
                </person>
                <roles>
                  <role>HeadOfBusiness</role>
                </roles>
                <status>Confirmed</status>
              </participant>
			  </companyParticipants>
          </company>
        </companies>
        <brokerParticipants>
          <participant>
            <person>
              <firstName>George</firstName>
              <lastName>Notter</lastName>
              <email>Broker@email.com</email>
              <email>Broker@email.com</email>
              <title>Analyst</title>
            </person>
            <roles>
              <role>SellsideAnalyst</role>
            </roles>
            <status>Confirmed</status>
          </participant>
          <participant>
            <person>
              <firstName>Shanelle</firstName>
              <lastName>Trinidad</lastName>
              <email>Broker2@email.com</email>
              <title>Research Sales</title>
            </person>
            <roles>
              <role>SellsideSales</role>
            </roles>
            <status>Confirmed</status>
          </participant>
        </brokerParticipants>
		<thirdPartyParticipants>
          <participant>
            <person>
              <firstName>Ken1</firstName>
              <lastName>Chang1</lastName>
              <title>experttitle</title>
              <title />
            </person>
            <roles>
              <role>IndustryExpert</role>
            </roles>
            <status>Attended</status>
          </participant>
        </thirdPartyParticipants>
      </interaction>
	    <interaction>
        <parentID>01002516</parentID>
		<interactionID>01002516</interactionID>
        <interactionType>Social</interactionType>
        <interactionSubType>1x1</interactionSubType>
        <interactionTitle>Missing Investor(Social)</interactionTitle>
        <start>2016-07-28</start>
        <startTime>
          <datetime>2016-07-28T12:00:00-04:00</datetime>
          <timezone>US/Eastern</timezone>
        </startTime>
        <end>2016-07-31</end>
        <endTime>
          <datetime>2016-07-31T12:05:00-04:00</datetime>
          <timezone>US/Eastern</timezone>
        </endTime>
          <originatingRegion>North America</originatingRegion>
       <sectors><sector>45</sector></sectors>
        <location>
          <address>
            <type>Offsite</type>
            <city>New York</city>
          </address>
        </location>
        <companies>
          <company>
            <companyName>Corning Inc</companyName>
            <isPublic>true</isPublic>
            <identifiers>
              <identifier type="Ticker">GLW</identifier>
            </identifiers>
			<companyParticipants>
              <participant>
                <person>
                  <firstName>Sergei</firstName>
                  <lastName>Brin</lastName> 
                  <email>CompanyPersonemail@email.com</email>
                  <phone>322223</phone>
                  <title>some title</title>
                </person>
                <roles>
                  <role>HeadOfBusiness</role>
                </roles>
                <status>Confirmed</status>
              </participant>
			  </companyParticipants>
          </company>
        </companies>
        <brokerParticipants>
          <participant>
            <person>
              <firstName>George</firstName>
              <lastName>Notter</lastName>
              <email>Broker@email.com</email>
              <email>Broker@email.com</email>
              <title>Analyst</title>
            </person>
            <roles>
              <role>SellsideAnalyst</role>
            </roles>
            <status>Confirmed</status>
          </participant>
          <participant>
            <person>
              <firstName>Shanelle</firstName>
              <lastName>Trinidad</lastName>
              <email>Broker2@email.com</email>
              <title>Research Sales</title>
            </person>
            <roles>
              <role>SellsideSales</role>
            </roles>
            <status>Confirmed</status>
          </participant>
        </brokerParticipants>
		<thirdPartyParticipants>
          <participant>
            <person>
              <firstName>Ken1</firstName>
              <lastName>Chang1</lastName>
              <title>experttitle</title>
              <title />
            </person>
            <roles>
              <role>IndustryExpert</role>
            </roles>
            <status>Attended</status>
          </participant>
        </thirdPartyParticipants>
      </interaction>
	    <interaction>
        <parentID>01002515</parentID>
		<interactionID>01002515</interactionID>
        <interactionType>ModelRequest</interactionType>
        <interactionSubType>1x1</interactionSubType>
        <interactionTitle>Missing Investor(ModelRequest)</interactionTitle>
        <start>2016-07-28</start>
        <startTime>
          <datetime>2016-07-28T12:00:00-04:00</datetime>
          <timezone>US/Eastern</timezone>
        </startTime>
        <end>2016-07-31</end>
        <endTime>
          <datetime>2016-07-31T12:05:00-04:00</datetime>
          <timezone>US/Eastern</timezone>
        </endTime>
          <originatingRegion>North America</originatingRegion>
       <sectors><sector>45</sector></sectors>
        <location>
          <address>
            <type>Offsite</type>
            <city>New York</city>
          </address>
        </location>
        <companies>
          <company>
            <companyName>Corning Inc</companyName>
            <isPublic>true</isPublic>
            <identifiers>
              <identifier type="Ticker">GLW</identifier>
            </identifiers>
			<companyParticipants>
              <participant>
                <person>
                  <firstName>Sergei</firstName>
                  <lastName>Brin</lastName> 
                  <email>CompanyPersonemail@email.com</email>
                  <phone>322223</phone>
                  <title>some title</title>
                </person>
                <roles>
                  <role>HeadOfBusiness</role>
                </roles>
                <status>Confirmed</status>
              </participant>
			  </companyParticipants>
          </company>
        </companies>
        <brokerParticipants>
          <participant>
            <person>
              <firstName>George</firstName>
              <lastName>Notter</lastName>
              <email>Broker@email.com</email>
              <email>Broker@email.com</email>
              <title>Analyst</title>
            </person>
            <roles>
              <role>SellsideAnalyst</role>
            </roles>
            <status>Confirmed</status>
          </participant>
          <participant>
            <person>
              <firstName>Shanelle</firstName>
              <lastName>Trinidad</lastName>
              <email>Broker2@email.com</email>
              <title>Research Sales</title>
            </person>
            <roles>
              <role>SellsideSales</role>
            </roles>
            <status>Confirmed</status>
          </participant>
        </brokerParticipants>
		<thirdPartyParticipants>
          <participant>
            <person>
              <firstName>Ken1</firstName>
              <lastName>Chang1</lastName>
              <title>experttitle</title>
              <title />
            </person>
            <roles>
              <role>IndustryExpert</role>
            </roles>
            <status>Attended</status>
          </participant>
        </thirdPartyParticipants>
      </interaction>
	    <interaction>
        <parentID>01002514</parentID>
		<interactionID>01002515</interactionID>
        <interactionType>CustomWork</interactionType>
        <interactionSubType>1x1</interactionSubType>
        <interactionTitle>Missing Investor(CustomWork)</interactionTitle>
        <start>2016-07-28</start>
        <startTime>
          <datetime>2016-07-28T12:00:00-04:00</datetime>
          <timezone>US/Eastern</timezone>
        </startTime>
        <end>2016-07-31</end>
        <endTime>
          <datetime>2016-07-31T12:05:00-04:00</datetime>
          <timezone>US/Eastern</timezone>
        </endTime>
          <originatingRegion>North America</originatingRegion>
       <sectors><sector>45</sector></sectors>
        <location>
          <address>
            <type>Offsite</type>
            <city>New York</city>
          </address>
        </location>
        <companies>
          <company>
            <companyName>Corning Inc</companyName>
            <isPublic>true</isPublic>
            <identifiers>
              <identifier type="Ticker">GLW</identifier>
            </identifiers>
			<companyParticipants>
              <participant>
                <person>
                  <firstName>Sergei</firstName>
                  <lastName>Brin</lastName> 
                  <email>CompanyPersonemail@email.com</email>
                  <phone>322223</phone>
                  <title>some title</title>
                </person>
                <roles>
                  <role>HeadOfBusiness</role>
                </roles>
                <status>Confirmed</status>
              </participant>
			  </companyParticipants>
          </company>
        </companies>
        <brokerParticipants>
          <participant>
            <person>
              <firstName>George</firstName>
              <lastName>Notter</lastName>
              <email>Broker@email.com</email>
              <email>Broker@email.com</email>
              <title>Analyst</title>
            </person>
            <roles>
              <role>SellsideAnalyst</role>
            </roles>
            <status>Confirmed</status>
          </participant>
          <participant>
            <person>
              <firstName>Shanelle</firstName>
              <lastName>Trinidad</lastName>
              <email>Broker2@email.com</email>
              <title>Research Sales</title>
            </person>
            <roles>
              <role>SellsideSales</role>
            </roles>
            <status>Confirmed</status>
          </participant>
        </brokerParticipants>
		<thirdPartyParticipants>
          <participant>
            <person>
              <firstName>Ken1</firstName>
              <lastName>Chang1</lastName>
              <title>experttitle</title>
              <title />
            </person>
            <roles>
              <role>IndustryExpert</role>
            </roles>
            <status>Attended</status>
          </participant>
        </thirdPartyParticipants>
      </interaction>
	    <interaction>
        <parentID>01002513</parentID>
		<interactionID>01002513</interactionID>
        <interactionType>BespokeAccess</interactionType>
        <interactionSubType>1x1</interactionSubType>
        <interactionTitle>Missing Investor(BespokeAccess)</interactionTitle>
        <start>2016-07-28</start>
        <startTime>
          <datetime>2016-07-28T12:00:00-04:00</datetime>
          <timezone>US/Eastern</timezone>
        </startTime>
        <end>2016-07-31</end>
        <endTime>
          <datetime>2016-07-31T12:05:00-04:00</datetime>
          <timezone>US/Eastern</timezone>
        </endTime>
          <originatingRegion>North America</originatingRegion>
       <sectors><sector>45</sector></sectors>
        <location>
          <address>
            <type>Offsite</type>
            <city>New York</city>
          </address>
        </location>
        <companies>
          <company>
            <companyName>Corning Inc</companyName>
            <isPublic>true</isPublic>
            <identifiers>
              <identifier type="Ticker">GLW</identifier>
            </identifiers>
			<companyParticipants>
              <participant>
                <person>
                  <firstName>Sergei</firstName>
                  <lastName>Brin</lastName> 
                  <email>CompanyPersonemail@email.com</email>
                  <phone>322223</phone>
                  <title>some title</title>
                </person>
                <roles>
                  <role>HeadOfBusiness</role>
                </roles>
                <status>Confirmed</status>
              </participant>
			  </companyParticipants>
          </company>
        </companies>
        <brokerParticipants>
          <participant>
            <person>
              <firstName>George</firstName>
              <lastName>Notter</lastName>
              <email>Broker@email.com</email>
              <email>Broker@email.com</email>
              <title>Analyst</title>
            </person>
            <roles>
              <role>SellsideAnalyst</role>
            </roles>
            <status>Confirmed</status>
          </participant>
          <participant>
            <person>
              <firstName>Shanelle</firstName>
              <lastName>Trinidad</lastName>
              <email>Broker2@email.com</email>
              <title>Research Sales</title>
            </person>
            <roles>
              <role>SellsideSales</role>
            </roles>
            <status>Confirmed</status>
          </participant>
        </brokerParticipants>
		<thirdPartyParticipants>
          <participant>
            <person>
              <firstName>Ken1</firstName>
              <lastName>Chang1</lastName>
              <title>experttitle</title>
              <title />
            </person>
            <roles>
              <role>IndustryExpert</role>
            </roles>
            <status>Attended</status>
          </participant>
        </thirdPartyParticipants>
      </interaction>
	    <interaction>
        <parentID>01002512</parentID>
		<interactionID>01002512</interactionID>
        <interactionType>SalesSpecialist</interactionType>
        <interactionSubType>1x1</interactionSubType>
        <interactionTitle>Missing Investor(SalesSpecialist)</interactionTitle>
        <start>2016-07-28</start>
        <startTime>
          <datetime>2016-07-28T12:00:00-04:00</datetime>
          <timezone>US/Eastern</timezone>
        </startTime>
        <end>2016-07-31</end>
        <endTime>
          <datetime>2016-07-31T12:05:00-04:00</datetime>
          <timezone>US/Eastern</timezone>
        </endTime>
          <originatingRegion>North America</originatingRegion>
       <sectors><sector>45</sector></sectors>
        <location>
          <address>
            <type>Offsite</type>
            <city>New York</city>
          </address>
        </location>
        <companies>
          <company>
            <companyName>Corning Inc</companyName>
            <isPublic>true</isPublic>
            <identifiers>
              <identifier type="Ticker">GLW</identifier>
            </identifiers>
			<companyParticipants>
              <participant>
                <person>
                  <firstName>Sergei</firstName>
                  <lastName>Brin</lastName> 
                  <email>CompanyPersonemail@email.com</email>
                  <phone>322223</phone>
                  <title>some title</title>
                </person>
                <roles>
                  <role>HeadOfBusiness</role>
                </roles>
                <status>Confirmed</status>
              </participant>
			  </companyParticipants>
          </company>
        </companies>
        <brokerParticipants>
          <participant>
            <person>
              <firstName>George</firstName>
              <lastName>Notter</lastName>
              <email>Broker@email.com</email>
              <email>Broker@email.com</email>
              <title>Analyst</title>
            </person>
            <roles>
              <role>SellsideAnalyst</role>
            </roles>
            <status>Confirmed</status>
          </participant>
          <participant>
            <person>
              <firstName>Shanelle</firstName>
              <lastName>Trinidad</lastName>
              <email>Broker2@email.com</email>
              <title>Research Sales</title>
            </person>
            <roles>
              <role>SellsideSales</role>
            </roles>
            <status>Confirmed</status>
          </participant>
        </brokerParticipants>
		<thirdPartyParticipants>
          <participant>
            <person>
              <firstName>Ken1</firstName>
              <lastName>Chang1</lastName>
              <title>experttitle</title>
              <title />
            </person>
            <roles>
              <role>IndustryExpert</role>
            </roles>
            <status>Attended</status>
          </participant>
        </thirdPartyParticipants>
      </interaction>
	    <interaction>
        <parentID>0100251131</parentID>
		<interactionID>0100251131</interactionID>
        <interactionType>Sales</interactionType>
        <interactionSubType>1x1</interactionSubType>
        <interactionTitle>Missing Investor(Sales)</interactionTitle>
        <start>2016-07-28</start>
        <startTime>
          <datetime>2016-07-28T12:00:00-04:00</datetime>
          <timezone>US/Eastern</timezone>
        </startTime>
        <end>2016-07-31</end>
        <endTime>
          <datetime>2016-07-31T12:05:00-04:00</datetime>
          <timezone>US/Eastern</timezone>
        </endTime>
          <originatingRegion>North America</originatingRegion>
       <sectors><sector>45</sector></sectors>
        <location>
          <address>
            <type>Offsite</type>
            <city>New York</city>
          </address>
        </location>
        <companies>
          <company>
            <companyName>Corning Inc</companyName>
            <isPublic>true</isPublic>
            <identifiers>
              <identifier type="Ticker">GLW</identifier>
            </identifiers>
			<companyParticipants>
              <participant>
                <person>
                  <firstName>Sergei</firstName>
                  <lastName>Brin</lastName> 
                  <email>CompanyPersonemail@email.com</email>
                  <phone>322223</phone>
                  <title>some title</title>
                </person>
                <roles>
                  <role>HeadOfBusiness</role>
                </roles>
                <status>Confirmed</status>
              </participant>
			  </companyParticipants>
          </company>
        </companies>
        <brokerParticipants>
          <participant>
            <person>
              <firstName>George</firstName>
              <lastName>Notter</lastName>
              <email>Broker@email.com</email>
              <email>Broker@email.com</email>
              <title>Analyst</title>
            </person>
            <roles>
              <role>SellsideAnalyst</role>
            </roles>
            <status>Confirmed</status>
          </participant>
          <participant>
            <person>
              <firstName>Shanelle</firstName>
              <lastName>Trinidad</lastName>
              <email>Broker2@email.com</email>
              <title>Research Sales</title>
            </person>
            <roles>
              <role>SellsideSales</role>
            </roles>
            <status>Confirmed</status>
          </participant>
        </brokerParticipants>
		<thirdPartyParticipants>
          <participant>
            <person>
              <firstName>Ken1</firstName>
              <lastName>Chang1</lastName>
              <title>experttitle</title>
              <title />
            </person>
            <roles>
              <role>IndustryExpert</role>
            </roles>
            <status>Attended</status>
          </participant>
        </thirdPartyParticipants>
      </interaction>
	  </investor>
  </interactions>
</clientinteraction>