<?xml version="1.0" encoding="utf-8"?>
<clientinteraction xmlns:xsd="http://www.w3.org/2001/XMLSchema" xmlns:xsi="http://www.w3.org/2001/XMLSchema-instance" xmlns="http://oneaccess.io/corporateaccess/clientinteraction/2.1.1">
  <updated>
    <datetime>2016-05-09T16:43:49.3823692Z</datetime>
    <timezone>Etc/UTC</timezone>
  </updated>
  <broker>Jefferies</broker>
  <interactions>
    <investor>
      <investorName>KATE 02_12</investorName>
	  <interaction>
        <parentID>1040025112a</parentID>
		<interactionID>1040025112a</interactionID>
        <interactionType>MacroStrategist</interactionType>
        <interactionSubType>1x1</interactionSubType>
        <interactionTitle>No error (MacroStrategist 1x1)</interactionTitle>  
        <interactionDescription>testinteraction descritiption</interactionDescription>  
        <initiator>Broker</initiator>
        <start>2016-12-28</start>
        <startTime>
          <datetime>2016-12-28T12:00:00-04:00</datetime>
          <timezone>US/Eastern</timezone>
        </startTime>
        <end>2016-12-31</end>
        <endTime>
          <datetime>2016-12-31T20:30:00-04:00</datetime>
          <timezone>US/Eastern</timezone>
        </endTime>
          <originatingRegion>North America</originatingRegion>
       <sectors><sector>45</sector></sectors> 
       <duration>10</duration>
        <location>
          <address>
            <type>Offsite</type>
            <city>New York</city>
          </address>
        </location>
        <companies>
          <company>
            <companyName>APPLE</companyName>
            <isPublic>true</isPublic>
            <identifiers>
              <identifier type="Ticker">APPL</identifier>
            </identifiers>
			<companyParticipants>
              <participant>
                <person>
                  <firstName>Sergei</firstName>
                  <lastName>Brin</lastName> 
                  <email>CompanyPersonemail@email.com</email>
                  <phone>322223</phone>
                  <title>some title</title>
                </person>
                <roles>
                  <role>HeadOfBusiness</role>
                </roles>
                <status>Confirmed</status>
              </participant>
			  </companyParticipants>
          </company>
        </companies>
        <brokerParticipants>
          <participant>
            <person>
              <firstName>George</firstName>
              <lastName>Notter</lastName>
              <email>BrokerMacroStrategist@email.com</email>
              <title />
            </person>
            <roles>
              <role>MacroStrategist</role>
            </roles>
            <status>Confirmed</status>
          </participant>
          <participant>
            <person>
              <firstName>Shanelle</firstName>
              <lastName>Trinidad</lastName>
              <email>Broker2@email.com</email>
              <title>Research Sales</title>
            </person>
            <roles>
              <role>SellsideSales</role>
            </roles>
            <status>Confirmed</status>
          </participant>
        </brokerParticipants>
        <investorParticipants>
          <participant>
            <person>
              <firstName>Ken</firstName>
              <lastName>Chang</lastName>
              <email>investor@email.com</email>
              <title>investortitle</title>
            </person>
            <roles>
              <role>PortfolioManager</role>
            </roles>
            <status>Attended</status>
          </participant>
        </investorParticipants>
		<thirdPartyParticipants>
          <participant>
            <person>
              <firstName>Ken1</firstName>
              <lastName>Chang1</lastName>
              <email>expert@email.com</email>
              <title>experttitle</title>
            </person>
            <roles>
              <role>IndustryExpert</role>
            </roles>
            <status>Attended</status>
          </participant>
        </thirdPartyParticipants>
      </interaction>	
	   
	   <interaction>
        <parentID>1040025112b</parentID>
		<interactionID>1040025112b</interactionID>
        <interactionType>MacroStrategist</interactionType>
        <interactionSubType>Email</interactionSubType>
        <interactionTitle>Missing Last name (MacroStrategist Email)</interactionTitle>  
        <interactionDescription>testinteraction descritiption</interactionDescription>  
        <initiator>Broker</initiator>
        <start>2016-12-28</start>
        <startTime>
          <datetime>2016-12-28T12:00:00-04:00</datetime>
          <timezone>US/Eastern</timezone>
        </startTime>
        <end>2016-12-31</end>
        <endTime>
          <datetime>2016-12-31T20:30:00-04:00</datetime>
          <timezone>US/Eastern</timezone>
        </endTime>
          <originatingRegion>North America</originatingRegion>
       <sectors><sector>45</sector></sectors> 
       <duration>10</duration>
        <location>
          <address>
            <type>Offsite</type>
            <city>New York</city>
          </address>
        </location>
        <companies>
          <company>
            <companyName>APPLE</companyName>
            <isPublic>true</isPublic>
            <identifiers>
              <identifier type="Ticker">APPL</identifier>
            </identifiers>
			<companyParticipants>
              <participant>
                <person>
                  <firstName>Sergei</firstName>
                  <lastName>Brin</lastName> 
                  <email>CompanyPersonemail@email.com</email>
                  <phone>322223</phone>
                  <title>some title</title>
                </person>
                <roles>
                  <role>HeadOfBusiness</role>
                </roles>
                <status>Confirmed</status>
              </participant>
			  </companyParticipants>
          </company>
        </companies>
        <brokerParticipants>
          <participant>
            <person>
              <firstName>George</firstName>
              <lastName />
              <email>BrokerMacroStrategist@email.com</email>
              <title />
            </person>
            <roles>
              <role>MacroStrategist</role>
            </roles>
            <status>Confirmed</status>
          </participant>
          <participant>
            <person>
              <firstName>Shanelle</firstName>
              <lastName>Trinidad</lastName>
              <email>Broker2@email.com</email>
              <title>Research Sales</title>
            </person>
            <roles>
              <role>SellsideSales</role>
            </roles>
            <status>Confirmed</status>
          </participant>
        </brokerParticipants>
        <investorParticipants>
          <participant>
            <person>
              <firstName>Ken</firstName>
              <lastName>Chang</lastName>
              <email>investor@email.com</email>
              <title>investortitle</title>
            </person>
            <roles>
              <role>PortfolioManager</role>
            </roles>
            <status>Attended</status>
          </participant>
        </investorParticipants>
		<thirdPartyParticipants>
          <participant>
            <person>
              <firstName>Ken1</firstName>
              <lastName>Chang1</lastName>
              <email>expert@email.com</email>
              <title>experttitle</title>
            </person>
            <roles>
              <role>IndustryExpert</role>
            </roles>
            <status>Attended</status>
          </participant>
        </thirdPartyParticipants>
      </interaction>	
	    
		<interaction>
        <parentID>1040025112bc</parentID>
		<interactionID>1040025112bc</interactionID>
        <interactionType>MacroStrategist</interactionType>
        <interactionSubType>3x1</interactionSubType>
        <interactionTitle>Missing First name (MacroStrategist 3x1)</interactionTitle>  
        <interactionDescription>testinteraction descritiption</interactionDescription>  
        <initiator>Broker</initiator>
        <start>2016-12-28</start>
        <startTime>
          <datetime>2016-12-28T12:00:00-04:00</datetime>
          <timezone>US/Eastern</timezone>
        </startTime>
        <end>2016-12-31</end>
        <endTime>
          <datetime>2016-12-31T20:30:00-04:00</datetime>
          <timezone>US/Eastern</timezone>
        </endTime>
          <originatingRegion>North America</originatingRegion>
       <sectors><sector>45</sector></sectors> 
       <duration>10</duration>
        <location>
          <address>
            <type>Offsite</type>
            <city>New York</city>
          </address>
        </location>
        <companies>
          <company>
            <companyName>APPLE</companyName>
            <isPublic>true</isPublic>
            <identifiers>
              <identifier type="Ticker">APPL</identifier>
            </identifiers>
			<companyParticipants>
              <participant>
                <person>
                  <firstName>Sergei</firstName>
                  <lastName>Brin</lastName> 
                  <email>CompanyPersonemail@email.com</email>
                  <phone>322223</phone>
                  <title>some title</title>
                </person>
                <roles>
                  <role>HeadOfBusiness</role>
                </roles>
                <status>Confirmed</status>
              </participant>
			  </companyParticipants>
          </company>
        </companies>
        <brokerParticipants>
          <participant>
            <person>
              <firstName />
              <lastName>Notter</lastName>
              <email>BrokerMacroStrategist@email.com</email>
              <title />
            </person>
            <roles>
              <role>MacroStrategist</role>
            </roles>
            <status>Confirmed</status>
          </participant>
          <participant>
            <person>
              <firstName>Shanelle</firstName>
              <lastName>Trinidad</lastName>
              <email>Broker2@email.com</email>
              <title>Research Sales</title>
            </person>
            <roles>
              <role>SellsideSales</role>
            </roles>
            <status>Confirmed</status>
          </participant>
        </brokerParticipants>
        <investorParticipants>
          <participant>
            <person>
              <firstName>Ken</firstName>
              <lastName>Chang</lastName>
              <email>investor@email.com</email>
              <title>investortitle</title>
            </person>
            <roles>
              <role>PortfolioManager</role>
            </roles>
            <status>Attended</status>
          </participant>
        </investorParticipants>
		<thirdPartyParticipants>
          <participant>
            <person>
              <firstName>Ken1</firstName>
              <lastName>Chang1</lastName>
              <email>expert@email.com</email>
              <title>experttitle</title>
            </person>
            <roles>
              <role>IndustryExpert</role>
            </roles>
            <status>Attended</status>
          </participant>
        </thirdPartyParticipants>
      </interaction>	
	  
	     <interaction>
        <parentID>1040025112bd</parentID>
		<interactionID>1040025112bd</interactionID>
        <interactionType>MacroStrategist</interactionType>
        <interactionSubType>2x1</interactionSubType>
        <interactionTitle>Missing Email (MacroStrategist 2x1)</interactionTitle>  
        <interactionDescription>testinteraction descritiption</interactionDescription>  
        <initiator>Broker</initiator>
        <start>2016-12-28</start>
        <startTime>
          <datetime>2016-12-28T12:00:00-04:00</datetime>
          <timezone>US/Eastern</timezone>
        </startTime>
        <end>2016-12-31</end>
        <endTime>
          <datetime>2016-12-31T20:30:00-04:00</datetime>
          <timezone>US/Eastern</timezone>
        </endTime>
          <originatingRegion>North America</originatingRegion>
       <sectors><sector>45</sector></sectors> 
       <duration>10</duration>
        <location>
          <address>
            <type>Offsite</type>
            <city>New York</city>
          </address>
        </location>
        <companies>
          <company>
            <companyName>APPLE</companyName>
            <isPublic>true</isPublic>
            <identifiers>
              <identifier type="Ticker">APPL</identifier>
            </identifiers>
			<companyParticipants>
              <participant>
                <person>
                  <firstName>Sergei</firstName>
                  <lastName>Brin</lastName> 
                  <email>CompanyPersonemail@email.com</email>
                  <phone>322223</phone>
                  <title>some title</title>
                </person>
                <roles>
                  <role>HeadOfBusiness</role>
                </roles>
                <status>Confirmed</status>
              </participant>
			  </companyParticipants>
          </company>
        </companies>
        <brokerParticipants>
          <participant>
            <person>
              <firstName>George</firstName>
              <lastName>Notter</lastName>
              <email />
              <title />
            </person>
            <roles>
              <role>MacroStrategist</role>
            </roles>
            <status>Confirmed</status>
          </participant>
          <participant>
            <person>
              <firstName>Shanelle</firstName>
              <lastName>Trinidad</lastName>
              <email>Broker2@email.com</email>
              <title>Research Sales</title>
            </person>
            <roles>
              <role>SellsideSales</role>
            </roles>
            <status>Confirmed</status>
          </participant>
        </brokerParticipants>
        <investorParticipants>
          <participant>
            <person>
              <firstName>Ken</firstName>
              <lastName>Chang</lastName>
              <email>investor@email.com</email>
              <title>investortitle</title>
            </person>
            <roles>
              <role>PortfolioManager</role>
            </roles>
            <status>Attended</status>
          </participant>
        </investorParticipants>
		<thirdPartyParticipants>
          <participant>
            <person>
              <firstName>Ken1</firstName>
              <lastName>Chang1</lastName>
              <email>expert@email.com</email>
              <title>experttitle</title>
            </person>
            <roles>
              <role>IndustryExpert</role>
            </roles>
            <status>Attended</status>
          </participant>
        </thirdPartyParticipants>
      </interaction>	
	  
	     <interaction>
        <parentID>1040025112be</parentID>
		<interactionID>1040025112be</interactionID>
        <interactionType>MacroStrategist</interactionType>
        <interactionSubType>LargeGroup</interactionSubType>
        <interactionTitle>Missing Role (MacroStrategist LargeGroup)</interactionTitle>  
        <interactionDescription>testinteraction descritiption</interactionDescription>  
        <initiator>Broker</initiator>
        <start>2016-12-28</start>
        <startTime>
          <datetime>2016-12-28T12:00:00-04:00</datetime>
          <timezone>US/Eastern</timezone>
        </startTime>
        <end>2016-12-31</end>
        <endTime>
          <datetime>2016-12-31T20:30:00-04:00</datetime>
          <timezone>US/Eastern</timezone>
        </endTime>
          <originatingRegion>North America</originatingRegion>
       <sectors><sector>45</sector></sectors> 
       <duration>10</duration>
        <location>
          <address>
            <type>Offsite</type>
            <city>New York</city>
          </address>
        </location>
        <companies>
          <company>
            <companyName>APPLE</companyName>
            <isPublic>true</isPublic>
            <identifiers>
              <identifier type="Ticker">APPL</identifier>
            </identifiers>
			<companyParticipants>
              <participant>
                <person>
                  <firstName>Sergei</firstName>
                  <lastName>Brin</lastName> 
                  <email>CompanyPersonemail@email.com</email>
                  <phone>322223</phone>
                  <title>some title</title>
                </person>
                <roles>
                  <role>HeadOfBusiness</role>
                </roles>
                <status>Confirmed</status>
              </participant>
			  </companyParticipants>
          </company>
        </companies>
        <brokerParticipants>
          <participant>
            <person>
              <firstName>George</firstName>
              <lastName>Notter</lastName>
              <email>BrokerMacroStrategist@email.com</email>
              <title />
            </person>
            <roles>
              <role/>
            </roles>
            <status>Confirmed</status>
          </participant>
          <participant>
            <person>
              <firstName>Shanelle</firstName>
              <lastName>Trinidad</lastName>
              <email>Broker2@email.com</email>
              <title>Research Sales</title>
            </person>
            <roles>
              <role>SellsideSales</role>
            </roles>
            <status>Confirmed</status>
          </participant>
        </brokerParticipants>
        <investorParticipants>
          <participant>
            <person>
              <firstName>Ken</firstName>
              <lastName>Chang</lastName>
              <email>investor@email.com</email>
              <title>investortitle</title>
            </person>
            <roles>
              <role>PortfolioManager</role>
            </roles>
            <status>Attended</status>
          </participant>
        </investorParticipants>
		<thirdPartyParticipants>
          <participant>
            <person>
              <firstName>Ken1</firstName>
              <lastName>Chang1</lastName>
              <email>expert@email.com</email>
              <title>experttitle</title>
            </person>
            <roles>
              <role>IndustryExpert</role>
            </roles>
            <status>Attended</status>
          </participant>
        </thirdPartyParticipants>
      </interaction>	
	  
	     <interaction>
        <parentID>1040025112bf</parentID>
		<interactionID>1040025112bf</interactionID>
        <interactionType>MacroStrategist</interactionType>
        <interactionSubType>SmallGroup</interactionSubType>
        <interactionTitle>Missing All Participants (MacroStrategist SmallGroup)</interactionTitle>  
        <interactionDescription>testinteraction descritiption</interactionDescription>  
        <initiator>Broker</initiator>
        <start>2016-12-28</start>
        <startTime>
          <datetime>2016-12-28T12:00:00-04:00</datetime>
          <timezone>US/Eastern</timezone>
        </startTime>
        <end>2016-12-31</end>
        <endTime>
          <datetime>2016-12-31T20:30:00-04:00</datetime>
          <timezone>US/Eastern</timezone>
        </endTime>
          <originatingRegion>North America</originatingRegion>
       <sectors><sector>45</sector></sectors> 
       <duration>10</duration>
        <location>
          <address>
            <type>Offsite</type>
            <city>New York</city>
          </address>
        </location>
        <companies>
          <company>
            <companyName>APPLE</companyName>
            <isPublic>true</isPublic>
            <identifiers>
              <identifier type="Ticker">APPL</identifier>
            </identifiers>
			<companyParticipants>
              <participant>
                <person>
                  <firstName>Sergei</firstName>
                  <lastName>Brin</lastName> 
                  <email>CompanyPersonemail@email.com</email>
                  <phone>322223</phone>
                  <title>some title</title>
                </person>
                <roles>
                  <role>HeadOfBusiness</role>
                </roles>
                <status>Confirmed</status>
              </participant>
			  </companyParticipants>
          </company>
        </companies>
        <brokerParticipants />
        <investorParticipants>
          <participant>
            <person>
              <firstName>Ken</firstName>
              <lastName>Chang</lastName>
              <email>investor@email.com</email>
              <title>investortitle</title>
            </person>
            <roles>
              <role>PortfolioManager</role>
            </roles>
            <status>Attended</status>
          </participant>
        </investorParticipants>
		<thirdPartyParticipants>
          <participant>
            <person>
              <firstName>Ken1</firstName>
              <lastName>Chang1</lastName>
              <email>expert@email.com</email>
              <title>experttitle</title>
            </person>
            <roles>
              <role>IndustryExpert</role>
            </roles>
            <status>Attended</status>
          </participant>
        </thirdPartyParticipants>
      </interaction>	
	  
	     <interaction>
        <parentID>1040025112bg</parentID>
		<interactionID>1040025112bg</interactionID>
        <interactionType>MacroStrategist</interactionType>
        <interactionSubType>1x1</interactionSubType>
        <interactionTitle>No Macro strategist participant (MacroStrategist 1x1)</interactionTitle>  
        <interactionDescription>testinteraction descritiption</interactionDescription>  
        <initiator>Broker</initiator>
        <start>2016-12-28</start>
        <startTime>
          <datetime>2016-12-28T12:00:00-04:00</datetime>
          <timezone>US/Eastern</timezone>
        </startTime>
        <end>2016-12-31</end>
        <endTime>
          <datetime>2016-12-31T20:30:00-04:00</datetime>
          <timezone>US/Eastern</timezone>
        </endTime>
          <originatingRegion>North America</originatingRegion>
       <sectors><sector>45</sector></sectors> 
       <duration>10</duration>
        <location>
          <address>
            <type>Offsite</type>
            <city>New York</city>
          </address>
        </location>
        <companies>
          <company>
            <companyName>APPLE</companyName>
            <isPublic>true</isPublic>
            <identifiers>
              <identifier type="Ticker">APPL</identifier>
            </identifiers>
			<companyParticipants>
              <participant>
                <person>
                  <firstName>Sergei</firstName>
                  <lastName>Brin</lastName> 
                  <email>CompanyPersonemail@email.com</email>
                  <phone>322223</phone>
                  <title>some title</title>
                </person>
                <roles>
                  <role>HeadOfBusiness</role>
                </roles>
                <status>Confirmed</status>
              </participant>
			  </companyParticipants>
          </company>
        </companies>
        <brokerParticipants>
          <participant>
            <person>
              <firstName>George</firstName>
              <lastName>Notter</lastName>
              <email>BrokerMacroStrategist@email.com</email>
              <title />
            </person>
            <roles>
              <role>SellsideSales</role>
            </roles>
            <status>Confirmed</status>
          </participant>
          <participant>
            <person>
              <firstName>Shanelle</firstName>
              <lastName>Trinidad</lastName>
              <email>Broker2@email.com</email>
              <title>Research Sales</title>
            </person>
            <roles>
              <role>SellsideSales</role>
            </roles>
            <status>Confirmed</status>
          </participant>
        </brokerParticipants>
        <investorParticipants>
          <participant>
            <person>
              <firstName>Ken</firstName>
              <lastName>Chang</lastName>
              <email>investor@email.com</email>
              <title>investortitle</title>
            </person>
            <roles>
              <role>PortfolioManager</role>
            </roles>
            <status>Attended</status>
          </participant>
        </investorParticipants>
		<thirdPartyParticipants>
          <participant>
            <person>
              <firstName>Ken1</firstName>
              <lastName>Chang1</lastName>
              <email>expert@email.com</email>
              <title>experttitle</title>
            </person>
            <roles>
              <role>IndustryExpert</role>
            </roles>
            <status>Attended</status>
          </participant>
        </thirdPartyParticipants>
      </interaction>	
	  
	     <interaction>
        <parentID>1040025112bh</parentID>
		<interactionID>1040025112bh</interactionID>
        <interactionType>MacroStrategist</interactionType>
        <interactionSubType>1x1</interactionSubType>
        <interactionTitle>Missing Details (MacroStrategist 1x1)</interactionTitle>  
        <interactionDescription>testinteraction descritiption</interactionDescription>  
        <initiator>Broker</initiator>
        <start>2016-12-28</start>
        <startTime>
          <datetime>2016-12-28T12:00:00-04:00</datetime>
          <timezone>US/Eastern</timezone>
        </startTime>
        <end>2016-12-31</end>
        <endTime>
          <datetime>2016-12-31T20:30:00-04:00</datetime>
          <timezone>US/Eastern</timezone>
        </endTime>
          <originatingRegion>North America</originatingRegion>
       <sectors><sector>45</sector></sectors> 
       <duration>10</duration>
        <location>
          <address>
            <type>Offsite</type>
            <city>New York</city>
          </address>
        </location>
        <companies>
          <company>
            <companyName>APPLE</companyName>
            <isPublic>true</isPublic>
            <identifiers>
              <identifier type="Ticker">APPL</identifier>
            </identifiers>
			<companyParticipants>
              <participant>
                <person>
                  <firstName>Sergei</firstName>
                  <lastName>Brin</lastName> 
                  <email>CompanyPersonemail@email.com</email>
                  <phone>322223</phone>
                  <title>some title</title>
                </person>
                <roles>
                  <role>HeadOfBusiness</role>
                </roles>
                <status>Confirmed</status>
              </participant>
			  </companyParticipants>
          </company>
        </companies>
        <brokerParticipants>
          <participant>
            <person>
              <firstName />
              <lastName />
              <email />
              <title />
            </person>
            <roles>
              <role>MacroStrategist</role>
            </roles>
            <status>Confirmed</status>
          </participant>
        </brokerParticipants>
        <investorParticipants>
          <participant>
            <person>
              <firstName>Ken</firstName>
              <lastName>Chang</lastName>
              <email>investor@email.com</email>
              <title>investortitle</title>
            </person>
            <roles>
              <role>PortfolioManager</role>
            </roles>
            <status>Attended</status>
          </participant>
        </investorParticipants>
		<thirdPartyParticipants>
          <participant>
            <person>
              <firstName>Ken1</firstName>
              <lastName>Chang1</lastName>
              <email>expert@email.com</email>
              <title>experttitle</title>
            </person>
            <roles>
              <role>IndustryExpert</role>
            </roles>
            <status>Attended</status>
          </participant>
        </thirdPartyParticipants>
      </interaction>	
	  
	  </investor>
  </interactions>
</clientinteraction>